state,county,CENSUS2010POP,POPESTIMATE2019
Alabama,Alabama,4779736,4903185
Alabama,Autauga,54571,55869
Alabama,Baldwin,182265,223234
Alabama,Barbour,27457,24686
Alabama,Bibb,22915,22394
Alabama,Blount,57322,57826
Alabama,Bullock,10914,10101
Alabama,Butler,20947,19448
Alabama,Calhoun,118572,113605
Alabama,Chambers,34215,33254
Alabama,Cherokee,25989,26196
Alabama,Chilton,43643,44428
Alabama,Choctaw,13859,12589
Alabama,Clarke,25833,23622
Alabama,Clay,13932,13235
Alabama,Cleburne,14972,14910
Alabama,Coffee,49948,52342
Alabama,Colbert,54428,55241
Alabama,Conecuh,13228,12067
Alabama,Coosa,11539,10663
Alabama,Covington,37765,37049
Alabama,Crenshaw,13906,13772
Alabama,Cullman,80406,83768
Alabama,Dale,50251,49172
Alabama,Dallas,43820,37196
Alabama,DeKalb,71109,71513
Alabama,Elmore,79303,81209
Alabama,Escambia,38319,36633
Alabama,Etowah,104430,102268
Alabama,Fayette,17241,16302
Alabama,Franklin,31704,31362
Alabama,Geneva,26790,26271
Alabama,Greene,9045,8111
Alabama,Hale,15760,14651
Alabama,Henry,17302,17205
Alabama,Houston,101547,105882
Alabama,Jackson,53227,51626
Alabama,Jefferson,658466,658573
Alabama,Lamar,14564,13805
Alabama,Lauderdale,92709,92729
Alabama,Lawrence,34339,32924
Alabama,Lee,140247,164542
Alabama,Limestone,82782,98915
Alabama,Lowndes,11299,9726
Alabama,Macon,21452,18068
Alabama,Madison,334811,372909
Alabama,Marengo,21027,18863
Alabama,Marion,30776,29709
Alabama,Marshall,93019,96774
Alabama,Mobile,412992,413210
Alabama,Monroe,23068,20733
Alabama,Montgomery,229363,226486
Alabama,Morgan,119490,119679
Alabama,Perry,10591,8923
Alabama,Pickens,19746,19930
Alabama,Pike,32899,33114
Alabama,Randolph,22913,22722
Alabama,Russell,52947,57961
Alabama,St. Clair,83593,89512
Alabama,Shelby,195085,217702
Alabama,Sumter,13763,12427
Alabama,Talladega,82291,79978
Alabama,Tallapoosa,41616,40367
Alabama,Tuscaloosa,194656,209355
Alabama,Walker,67023,63521
Alabama,Washington,17581,16326
Alabama,Wilcox,11670,10373
Alabama,Winston,24484,23629
Alaska,Alaska,710231,731545
Alaska,Aleutians East Borough,3141,3337
Alaska,Aleutians West Census Area,5561,5634
Alaska,Anchorage Municipality,291826,288000
Alaska,Bethel Census Area,17013,18386
Alaska,Bristol Bay Borough,997,836
Alaska,Denali Borough,1826,2097
Alaska,Dillingham Census Area,4847,4916
Alaska,Fairbanks North Star Borough,97581,96849
Alaska,Haines Borough,2508,2530
Alaska,Hoonah-Angoon Census Area,2150,2148
Alaska,Juneau City and Borough,31275,31974
Alaska,Kenai Peninsula Borough,55400,58708
Alaska,Ketchikan Gateway Borough,13477,13901
Alaska,Kodiak Island Borough,13592,12998
Alaska,Kusilvak Census Area,7459,8314
Alaska,Lake and Peninsula Borough,1631,1592
Alaska,Matanuska-Susitna Borough,88995,108317
Alaska,Nome Census Area,9492,10004
Alaska,North Slope Borough,9430,9832
Alaska,Northwest Arctic Borough,7523,7621
Alaska,Petersburg Borough,3815,3266
Alaska,Prince of Wales-Hyder Census Area,5559,6203
Alaska,Sitka City and Borough,8881,8493
Alaska,Skagway Municipality,968,1183
Alaska,Southeast Fairbanks Census Area,7029,6893
Alaska,Valdez-Cordova Census Area,9636,9202
Alaska,Wrangell City and Borough,2369,2502
Alaska,Yakutat City and Borough,662,579
Alaska,Yukon-Koyukuk Census Area,5588,5230
Arizona,Arizona,6392017,7278717
Arizona,Apache,71518,71887
Arizona,Cochise,131346,125922
Arizona,Coconino,134421,143476
Arizona,Gila,53597,54018
Arizona,Graham,37220,38837
Arizona,Greenlee,8437,9498
Arizona,La Paz,20489,21108
Arizona,Maricopa,3817117,4485414
Arizona,Mohave,200186,212181
Arizona,Navajo,107449,110924
Arizona,Pima,980263,1047279
Arizona,Pinal,375770,462789
Arizona,Santa Cruz,47420,46498
Arizona,Yavapai,211033,235099
Arizona,Yuma,195751,213787
Arkansas,Arkansas,2915918,3017804
Arkansas,Arkansas,19019,17486
Arkansas,Ashley,21853,19657
Arkansas,Baxter,41513,41932
Arkansas,Benton,221339,279141
Arkansas,Boone,36903,37432
Arkansas,Bradley,11508,10763
Arkansas,Calhoun,5368,5189
Arkansas,Carroll,27446,28380
Arkansas,Chicot,11800,10118
Arkansas,Clark,22995,22320
Arkansas,Clay,16083,14551
Arkansas,Cleburne,25970,24919
Arkansas,Cleveland,8689,7956
Arkansas,Columbia,24552,23457
Arkansas,Conway,21273,20846
Arkansas,Craighead,96443,110332
Arkansas,Crawford,61948,63257
Arkansas,Crittenden,50902,47955
Arkansas,Cross,17870,16419
Arkansas,Dallas,8116,7009
Arkansas,Desha,13008,11361
Arkansas,Drew,18509,18219
Arkansas,Faulkner,113237,126007
Arkansas,Franklin,18125,17715
Arkansas,Fulton,12245,12477
Arkansas,Garland,96024,99386
Arkansas,Grant,17853,18265
Arkansas,Greene,42090,45325
Arkansas,Hempstead,22609,21532
Arkansas,Hot Spring,32923,33771
Arkansas,Howard,13789,13202
Arkansas,Independence,36647,37825
Arkansas,Izard,13696,13629
Arkansas,Jackson,17997,16719
Arkansas,Jefferson,77435,66824
Arkansas,Johnson,25540,26578
Arkansas,Lafayette,7645,6624
Arkansas,Lawrence,17415,16406
Arkansas,Lee,10424,8857
Arkansas,Lincoln,14134,13024
Arkansas,Little River,13171,12259
Arkansas,Logan,22353,21466
Arkansas,Lonoke,68356,73309
Arkansas,Madison,15717,16576
Arkansas,Marion,16653,16694
Arkansas,Miller,43462,43257
Arkansas,Mississippi,46480,40651
Arkansas,Monroe,8149,6701
Arkansas,Montgomery,9487,8986
Arkansas,Nevada,8997,8252
Arkansas,Newton,8330,7753
Arkansas,Ouachita,26120,23382
Arkansas,Perry,10445,10455
Arkansas,Phillips,21757,17782
Arkansas,Pike,11291,10718
Arkansas,Poinsett,24583,23528
Arkansas,Polk,20662,19964
Arkansas,Pope,61754,64072
Arkansas,Prairie,8715,8062
Arkansas,Pulaski,382748,391911
Arkansas,Randolph,17969,17958
Arkansas,St. Francis,28258,24994
Arkansas,Saline,107118,122437
Arkansas,Scott,11233,10281
Arkansas,Searcy,8195,7881
Arkansas,Sebastian,125744,127827
Arkansas,Sevier,17058,17007
Arkansas,Sharp,17264,17442
Arkansas,Stone,12394,12506
Arkansas,Union,41639,38682
Arkansas,Van Buren,17295,16545
Arkansas,Washington,203065,239187
Arkansas,White,77076,78753
Arkansas,Woodruff,7260,6320
Arkansas,Yell,22185,21341
California,California,37253956,39512223
California,Alameda,1510271,1671329
California,Alpine,1175,1129
California,Amador,38091,39752
California,Butte,220000,219186
California,Calaveras,45578,45905
California,Colusa,21419,21547
California,Contra Costa,1049025,1153526
California,Del Norte,28610,27812
California,El Dorado,181058,192843
California,Fresno,930450,999101
California,Glenn,28122,28393
California,Humboldt,134623,135558
California,Imperial,174528,181215
California,Inyo,18546,18039
California,Kern,839631,900202
California,Kings,152982,152940
California,Lake,64665,64386
California,Lassen,34895,30573
California,Los Angeles,9818605,10039107
California,Madera,150865,157327
California,Marin,252409,258826
California,Mariposa,18251,17203
California,Mendocino,87841,86749
California,Merced,255793,277680
California,Modoc,9686,8841
California,Mono,14202,14444
California,Monterey,415057,434061
California,Napa,136484,137744
California,Nevada,98764,99755
California,Orange,3010232,3175692
California,Placer,348432,398329
California,Plumas,20007,18807
California,Riverside,2189641,2470546
California,Sacramento,1418788,1552058
California,San Benito,55269,62808
California,San Bernardino,2035210,2180085
California,San Diego,3095313,3338330
California,San Francisco,805235,881549
California,San Joaquin,685306,762148
California,San Luis Obispo,269637,283111
California,San Mateo,718451,766573
California,Santa Barbara,423895,446499
California,Santa Clara,1781642,1927852
California,Santa Cruz,262382,273213
California,Shasta,177223,180080
California,Sierra,3240,3005
California,Siskiyou,44900,43539
California,Solano,413344,447643
California,Sonoma,483878,494336
California,Stanislaus,514453,550660
California,Sutter,94737,96971
California,Tehama,63463,65084
California,Trinity,13786,12285
California,Tulare,442179,466195
California,Tuolumne,55365,54478
California,Ventura,823318,846006
California,Yolo,200849,220500
California,Yuba,72155,78668
Colorado,Colorado,5029196,5758736
Colorado,Adams,441603,517421
Colorado,Alamosa,15445,16233
Colorado,Arapahoe,572003,656590
Colorado,Archuleta,12084,14029
Colorado,Baca,3788,3581
Colorado,Bent,6499,5577
Colorado,Boulder,294567,326196
Colorado,Broomfield,55889,70465
Colorado,Chaffee,17809,20356
Colorado,Cheyenne,1836,1831
Colorado,Clear Creek,9088,9700
Colorado,Conejos,8256,8205
Colorado,Costilla,3524,3887
Colorado,Crowley,5823,6061
Colorado,Custer,4255,5068
Colorado,Delta,30952,31162
Colorado,Denver,600158,727211
Colorado,Dolores,2064,2055
Colorado,Douglas,285465,351154
Colorado,Eagle,52197,55127
Colorado,Elbert,23086,26729
Colorado,El Paso,622263,720403
Colorado,Fremont,46824,47839
Colorado,Garfield,56389,60061
Colorado,Gilpin,5441,6243
Colorado,Grand,14843,15734
Colorado,Gunnison,15324,17462
Colorado,Hinsdale,843,820
Colorado,Huerfano,6711,6897
Colorado,Jackson,1394,1392
Colorado,Jefferson,534543,582881
Colorado,Kiowa,1398,1406
Colorado,Kit Carson,8270,7097
Colorado,Lake,7310,8127
Colorado,La Plata,51334,56221
Colorado,Larimer,299630,356899
Colorado,Las Animas,15507,14506
Colorado,Lincoln,5467,5701
Colorado,Logan,22709,22409
Colorado,Mesa,146723,154210
Colorado,Mineral,712,769
Colorado,Moffat,13795,13283
Colorado,Montezuma,25535,26183
Colorado,Montrose,41276,42758
Colorado,Morgan,28159,29068
Colorado,Otero,18831,18278
Colorado,Ouray,4436,4952
Colorado,Park,16206,18845
Colorado,Phillips,4442,4265
Colorado,Pitkin,17148,17767
Colorado,Prowers,12551,12172
Colorado,Pueblo,159063,168424
Colorado,Rio Blanco,6666,6324
Colorado,Rio Grande,11982,11267
Colorado,Routt,23509,25638
Colorado,Saguache,6108,6824
Colorado,San Juan,699,728
Colorado,San Miguel,7359,8179
Colorado,Sedgwick,2379,2248
Colorado,Summit,27994,31011
Colorado,Teller,23350,25388
Colorado,Washington,4814,4908
Colorado,Weld,252825,324492
Colorado,Yuma,10043,10019
Connecticut,Connecticut,3574097,3565287
Connecticut,Fairfield,916829,943332
Connecticut,Hartford,894014,891720
Connecticut,Litchfield,189927,180333
Connecticut,Middlesex,165676,162436
Connecticut,New Haven,862477,854757
Connecticut,New London,274055,265206
Connecticut,Tolland,152691,150721
Connecticut,Windham,118428,116782
Delaware,Delaware,897934,973764
Delaware,Kent,162310,180786
Delaware,New Castle,538479,558753
Delaware,Sussex,197145,234225
District of Columbia,District of Columbia,601723,705749
District of Columbia,District of Columbia,601723,705749
Florida,Florida,18801310,21477737
Florida,Alachua,247336,269043
Florida,Baker,27115,29210
Florida,Bay,168852,174705
Florida,Bradford,28520,28201
Florida,Brevard,543376,601942
Florida,Broward,1748066,1952778
Florida,Calhoun,14625,14105
Florida,Charlotte,159978,188910
Florida,Citrus,141236,149657
Florida,Clay,190865,219252
Florida,Collier,321520,384902
Florida,Columbia,67531,71686
Florida,DeSoto,34862,38001
Florida,Dixie,16422,16826
Florida,Duval,864263,957755
Florida,Escambia,297619,318316
Florida,Flagler,95696,115081
Florida,Franklin,11549,12125
Florida,Gadsden,46389,45660
Florida,Gilchrist,16939,18582
Florida,Glades,12884,13811
Florida,Gulf,15863,13639
Florida,Hamilton,14799,14428
Florida,Hardee,27731,26937
Florida,Hendry,39140,42022
Florida,Hernando,172778,193920
Florida,Highlands,98786,106221
Florida,Hillsborough,1229226,1471968
Florida,Holmes,19927,19617
Florida,Indian River,138028,159923
Florida,Jackson,49746,46414
Florida,Jefferson,14761,14246
Florida,Lafayette,8870,8422
Florida,Lake,297052,367118
Florida,Lee,618754,770577
Florida,Leon,275487,293582
Florida,Levy,40801,41503
Florida,Liberty,8365,8354
Florida,Madison,19224,18493
Florida,Manatee,322833,403253
Florida,Marion,331298,365579
Florida,Martin,146318,161000
Florida,Miami-Dade,2496435,2716940
Florida,Monroe,73090,74228
Florida,Nassau,73314,88625
Florida,Okaloosa,180822,210738
Florida,Okeechobee,39996,42168
Florida,Orange,1145956,1393452
Florida,Osceola,268685,375751
Florida,Palm Beach,1320134,1496770
Florida,Pasco,464697,553947
Florida,Pinellas,916542,974996
Florida,Polk,602095,724777
Florida,Putnam,74364,74521
Florida,St. Johns,190039,264672
Florida,St. Lucie,277789,328297
Florida,Santa Rosa,151372,184313
Florida,Sarasota,379448,433742
Florida,Seminole,422718,471826
Florida,Sumter,93420,132420
Florida,Suwannee,41551,44417
Florida,Taylor,22570,21569
Florida,Union,15535,15237
Florida,Volusia,494593,553284
Florida,Wakulla,30776,33739
Florida,Walton,55043,74071
Florida,Washington,24896,25473
Georgia,Georgia,9687653,10617423
Georgia,Appling,18236,18386
Georgia,Atkinson,8375,8165
Georgia,Bacon,11096,11164
Georgia,Baker,3451,3038
Georgia,Baldwin,45720,44890
Georgia,Banks,18395,19234
Georgia,Barrow,69367,83240
Georgia,Bartow,100157,107738
Georgia,Ben Hill,17634,16700
Georgia,Berrien,19286,19397
Georgia,Bibb,155547,153159
Georgia,Bleckley,13063,12873
Georgia,Brantley,18411,19109
Georgia,Brooks,16243,15457
Georgia,Bryan,30233,39627
Georgia,Bulloch,70217,79608
Georgia,Burke,23316,22383
Georgia,Butts,23655,24936
Georgia,Calhoun,6694,6189
Georgia,Camden,50513,54666
Georgia,Candler,10998,10803
Georgia,Carroll,110527,119992
Georgia,Catoosa,63942,67580
Georgia,Charlton,12171,13392
Georgia,Chatham,265128,289430
Georgia,Chattahoochee,11267,10907
Georgia,Chattooga,26015,24789
Georgia,Cherokee,214346,258773
Georgia,Clarke,116714,128331
Georgia,Clay,3183,2834
Georgia,Clayton,259424,292256
Georgia,Clinch,6798,6618
Georgia,Cobb,688078,760141
Georgia,Coffee,42356,43273
Georgia,Colquitt,45498,45600
Georgia,Columbia,124053,156714
Georgia,Cook,17212,17270
Georgia,Coweta,127317,148509
Georgia,Crawford,12630,12404
Georgia,Crisp,23439,22372
Georgia,Dade,16633,16116
Georgia,Dawson,22330,26108
Georgia,Decatur,27842,26404
Georgia,DeKalb,691893,759297
Georgia,Dodge,21796,20605
Georgia,Dooly,14918,13390
Georgia,Dougherty,94565,87956
Georgia,Douglas,132403,146343
Georgia,Early,11008,10190
Georgia,Echols,4034,4006
Georgia,Effingham,52250,64296
Georgia,Elbert,20166,19194
Georgia,Emanuel,22598,22646
Georgia,Evans,11000,10654
Georgia,Fannin,23682,26188
Georgia,Fayette,106567,114421
Georgia,Floyd,96317,98498
Georgia,Forsyth,175511,244252
Georgia,Franklin,22084,23349
Georgia,Fulton,920581,1063937
Georgia,Gilmer,28292,31369
Georgia,Glascock,3082,2971
Georgia,Glynn,79626,85292
Georgia,Gordon,55186,57963
Georgia,Grady,25011,24633
Georgia,Greene,15994,18324
Georgia,Gwinnett,805321,936250
Georgia,Habersham,43041,45328
Georgia,Hall,179684,204441
Georgia,Hancock,9429,8457
Georgia,Haralson,28780,29792
Georgia,Harris,32024,35236
Georgia,Hart,25213,26205
Georgia,Heard,11834,11923
Georgia,Henry,203922,234561
Georgia,Houston,139900,157863
Georgia,Irwin,9538,9416
Georgia,Jackson,60485,72977
Georgia,Jasper,13900,14219
Georgia,Jeff Davis,15068,15115
Georgia,Jefferson,16930,15362
Georgia,Jenkins,8340,8676
Georgia,Johnson,9980,9643
Georgia,Jones,28669,28735
Georgia,Lamar,18317,19077
Georgia,Lanier,10078,10423
Georgia,Laurens,48434,47546
Georgia,Lee,28298,29992
Georgia,Liberty,63453,61435
Georgia,Lincoln,7996,7921
Georgia,Long,14464,19559
Georgia,Lowndes,109233,117406
Georgia,Lumpkin,29966,33610
Georgia,McDuffie,21875,21312
Georgia,McIntosh,14333,14378
Georgia,Macon,14740,12947
Georgia,Madison,28120,29880
Georgia,Marion,8742,8359
Georgia,Meriwether,21992,21167
Georgia,Miller,6125,5718
Georgia,Mitchell,23498,21863
Georgia,Monroe,26424,27578
Georgia,Montgomery,9123,9172
Georgia,Morgan,17868,19276
Georgia,Murray,39628,40096
Georgia,Muscogee,189885,195769
Georgia,Newton,99958,111744
Georgia,Oconee,32808,40280
Georgia,Oglethorpe,14899,15259
Georgia,Paulding,142324,168667
Georgia,Peach,27695,27546
Georgia,Pickens,29431,32591
Georgia,Pierce,18758,19465
Georgia,Pike,17869,18962
Georgia,Polk,41475,42613
Georgia,Pulaski,12010,11137
Georgia,Putnam,21218,22119
Georgia,Quitman,2513,2299
Georgia,Rabun,16276,17137
Georgia,Randolph,7719,6778
Georgia,Richmond,200549,202518
Georgia,Rockdale,85215,90896
Georgia,Schley,5010,5257
Georgia,Screven,14593,13966
Georgia,Seminole,8729,8090
Georgia,Spalding,64073,66703
Georgia,Stephens,26175,25925
Georgia,Stewart,6058,6621
Georgia,Sumter,32819,29524
Georgia,Talbot,6865,6195
Georgia,Taliaferro,1717,1537
Georgia,Tattnall,25520,25286
Georgia,Taylor,8906,8020
Georgia,Telfair,16500,15860
Georgia,Terrell,9315,8531
Georgia,Thomas,44720,44451
Georgia,Tift,40118,40644
Georgia,Toombs,27223,26830
Georgia,Towns,10471,12037
Georgia,Treutlen,6885,6901
Georgia,Troup,67044,69922
Georgia,Turner,8930,7985
Georgia,Twiggs,9023,8120
Georgia,Union,21356,24511
Georgia,Upson,27153,26320
Georgia,Walker,68756,69761
Georgia,Walton,83768,94593
Georgia,Ware,36312,35734
Georgia,Warren,5834,5254
Georgia,Washington,21187,20374
Georgia,Wayne,30099,29927
Georgia,Webster,2799,2607
Georgia,Wheeler,7421,7855
Georgia,White,27144,30798
Georgia,Whitfield,102599,104628
Georgia,Wilcox,9255,8635
Georgia,Wilkes,10593,9777
Georgia,Wilkinson,9563,8954
Georgia,Worth,21679,20247
Hawaii,Hawaii,1360301,1415872
Hawaii,Hawaii,185079,201513
Hawaii,Honolulu,953207,974563
Hawaii,Kalawao,90,86
Hawaii,Kauai,67091,72293
Hawaii,Maui,154834,167417
Idaho,Idaho,1567582,1787065
Idaho,Ada,392365,481587
Idaho,Adams,3976,4294
Idaho,Bannock,82839,87808
Idaho,Bear Lake,5986,6125
Idaho,Benewah,9285,9298
Idaho,Bingham,45607,46811
Idaho,Blaine,21376,23021
Idaho,Boise,7028,7831
Idaho,Bonner,40877,45739
Idaho,Bonneville,104234,119062
Idaho,Boundary,10972,12245
Idaho,Butte,2891,2597
Idaho,Camas,1117,1106
Idaho,Canyon,188923,229849
Idaho,Caribou,6963,7155
Idaho,Cassia,22952,24030
Idaho,Clark,982,845
Idaho,Clearwater,8761,8756
Idaho,Custer,4368,4315
Idaho,Elmore,27038,27511
Idaho,Franklin,12786,13876
Idaho,Fremont,13242,13099
Idaho,Gem,16719,18112
Idaho,Gooding,15464,15179
Idaho,Idaho,16267,16667
Idaho,Jefferson,26140,29871
Idaho,Jerome,22374,24412
Idaho,Kootenai,138494,165697
Idaho,Latah,37244,40108
Idaho,Lemhi,7936,8027
Idaho,Lewis,3821,3838
Idaho,Lincoln,5208,5366
Idaho,Madison,37536,39907
Idaho,Minidoka,20069,21039
Idaho,Nez Perce,39265,40408
Idaho,Oneida,4286,4531
Idaho,Owyhee,11526,11823
Idaho,Payette,22623,23951
Idaho,Power,7817,7681
Idaho,Shoshone,12765,12882
Idaho,Teton,10170,12142
Idaho,Twin Falls,77230,86878
Idaho,Valley,9862,11392
Idaho,Washington,10198,10194
Illinois,Illinois,12830632,12671821
Illinois,Adams,67103,65435
Illinois,Alexander,8238,5761
Illinois,Bond,17768,16426
Illinois,Boone,54165,53544
Illinois,Brown,6937,6578
Illinois,Bureau,34978,32628
Illinois,Calhoun,5089,4739
Illinois,Carroll,15387,14305
Illinois,Cass,13642,12147
Illinois,Champaign,201081,209689
Illinois,Christian,34800,32304
Illinois,Clark,16335,15441
Illinois,Clay,13815,13184
Illinois,Clinton,37762,37562
Illinois,Coles,53873,50621
Illinois,Cook,5194675,5150233
Illinois,Crawford,19817,18667
Illinois,Cumberland,11048,10766
Illinois,DeKalb,105160,104897
Illinois,De Witt,16561,15638
Illinois,Douglas,19980,19465
Illinois,DuPage,916924,922921
Illinois,Edgar,18576,17161
Illinois,Edwards,6721,6395
Illinois,Effingham,34242,34008
Illinois,Fayette,22140,21336
Illinois,Ford,14081,12961
Illinois,Franklin,39561,38469
Illinois,Fulton,37069,34340
Illinois,Gallatin,5589,4828
Illinois,Greene,13886,12969
Illinois,Grundy,50063,51054
Illinois,Hamilton,8457,8116
Illinois,Hancock,19104,17708
Illinois,Hardin,4320,3821
Illinois,Henderson,7331,6646
Illinois,Henry,50486,48913
Illinois,Iroquois,29718,27114
Illinois,Jackson,60218,56750
Illinois,Jasper,9698,9610
Illinois,Jefferson,38827,37684
Illinois,Jersey,22985,21773
Illinois,Jo Daviess,22678,21235
Illinois,Johnson,12582,12417
Illinois,Kane,515269,532403
Illinois,Kankakee,113449,109862
Illinois,Kendall,114736,128990
Illinois,Knox,52919,49699
Illinois,Lake,703462,696535
Illinois,LaSalle,113924,108669
Illinois,Lawrence,16833,15678
Illinois,Lee,36031,34096
Illinois,Livingston,38950,35648
Illinois,Logan,30305,28618
Illinois,McDonough,32612,29682
Illinois,McHenry,308760,307774
Illinois,McLean,169572,171517
Illinois,Macon,110768,104009
Illinois,Macoupin,47765,44926
Illinois,Madison,269282,262966
Illinois,Marion,39437,37205
Illinois,Marshall,12640,11438
Illinois,Mason,14666,13359
Illinois,Massac,15429,13772
Illinois,Menard,12705,12196
Illinois,Mercer,16434,15437
Illinois,Monroe,32957,34637
Illinois,Montgomery,30104,28414
Illinois,Morgan,35547,33658
Illinois,Moultrie,14846,14501
Illinois,Ogle,53497,50643
Illinois,Peoria,186494,179179
Illinois,Perry,22350,20916
Illinois,Piatt,16729,16344
Illinois,Pike,16430,15561
Illinois,Pope,4470,4177
Illinois,Pulaski,6161,5335
Illinois,Putnam,6006,5739
Illinois,Randolph,33476,31782
Illinois,Richland,16233,15513
Illinois,Rock Island,147546,141879
Illinois,St. Clair,270056,259686
Illinois,Saline,24913,23491
Illinois,Sangamon,197465,194672
Illinois,Schuyler,7544,6768
Illinois,Scott,5355,4951
Illinois,Shelby,22363,21634
Illinois,Stark,5994,5342
Illinois,Stephenson,47711,44498
Illinois,Tazewell,135394,131803
Illinois,Union,17808,16653
Illinois,Vermilion,81625,75758
Illinois,Wabash,11947,11520
Illinois,Warren,17707,16844
Illinois,Washington,14716,13887
Illinois,Wayne,16760,16215
Illinois,White,14665,13537
Illinois,Whiteside,58498,55175
Illinois,Will,677560,690743
Illinois,Williamson,66357,66597
Illinois,Winnebago,295266,282572
Illinois,Woodford,38664,38459
Indiana,Indiana,6483802,6732219
Indiana,Adams,34387,35777
Indiana,Allen,355329,379299
Indiana,Bartholomew,76794,83779
Indiana,Benton,8854,8748
Indiana,Blackford,12766,11758
Indiana,Boone,56640,67843
Indiana,Brown,15242,15092
Indiana,Carroll,20155,20257
Indiana,Cass,38966,37689
Indiana,Clark,110232,118302
Indiana,Clay,26890,26225
Indiana,Clinton,33224,32399
Indiana,Crawford,10713,10577
Indiana,Daviess,31648,33351
Indiana,Dearborn,50047,49458
Indiana,Decatur,25740,26559
Indiana,DeKalb,42223,43475
Indiana,Delaware,117671,114135
Indiana,Dubois,41889,42736
Indiana,Elkhart,197559,206341
Indiana,Fayette,24277,23102
Indiana,Floyd,74578,78522
Indiana,Fountain,17240,16346
Indiana,Franklin,23087,22758
Indiana,Fulton,20836,19974
Indiana,Gibson,33503,33659
Indiana,Grant,70061,65769
Indiana,Greene,33165,31922
Indiana,Hamilton,274569,338011
Indiana,Hancock,70002,78168
Indiana,Harrison,39364,40515
Indiana,Hendricks,145448,170311
Indiana,Henry,49462,47972
Indiana,Howard,82752,82544
Indiana,Huntington,37124,36520
Indiana,Jackson,42376,44231
Indiana,Jasper,33478,33562
Indiana,Jay,21253,20436
Indiana,Jefferson,32428,32308
Indiana,Jennings,28525,27735
Indiana,Johnson,139654,158167
Indiana,Knox,38440,36594
Indiana,Kosciusko,77358,79456
Indiana,LaGrange,37128,39614
Indiana,Lake,496005,485493
Indiana,LaPorte,111467,109888
Indiana,Lawrence,46134,45370
Indiana,Madison,131636,129569
Indiana,Marion,903393,964582
Indiana,Marshall,47051,46258
Indiana,Martin,10334,10255
Indiana,Miami,36903,35516
Indiana,Monroe,137974,148431
Indiana,Montgomery,38124,38338
Indiana,Morgan,68894,70489
Indiana,Newton,14244,13984
Indiana,Noble,47536,47744
Indiana,Ohio,6128,5875
Indiana,Orange,19840,19646
Indiana,Owen,21575,20799
Indiana,Parke,17339,16937
Indiana,Perry,19338,19169
Indiana,Pike,12845,12389
Indiana,Porter,164343,170389
Indiana,Posey,25910,25427
Indiana,Pulaski,13402,12353
Indiana,Putnam,37963,37576
Indiana,Randolph,26171,24665
Indiana,Ripley,28818,28324
Indiana,Rush,17392,16581
Indiana,St. Joseph,266931,271826
Indiana,Scott,24181,23873
Indiana,Shelby,44436,44729
Indiana,Spencer,20952,20277
Indiana,Starke,23363,22995
Indiana,Steuben,34185,34594
Indiana,Sullivan,21475,20669
Indiana,Switzerland,10613,10751
Indiana,Tippecanoe,172780,195732
Indiana,Tipton,15936,15148
Indiana,Union,7516,7054
Indiana,Vanderburgh,179703,181451
Indiana,Vermillion,16212,15498
Indiana,Vigo,107848,107038
Indiana,Wabash,32888,30996
Indiana,Warren,8508,8265
Indiana,Warrick,59689,62998
Indiana,Washington,28262,28036
Indiana,Wayne,68917,65884
Indiana,Wells,27636,28296
Indiana,White,24643,24102
Indiana,Whitley,33292,33964
Iowa,Iowa,3046355,3155070
Iowa,Adair,7682,7152
Iowa,Adams,4029,3602
Iowa,Allamakee,14330,13687
Iowa,Appanoose,12887,12426
Iowa,Audubon,6119,5496
Iowa,Benton,26076,25645
Iowa,Black Hawk,131090,131228
Iowa,Boone,26306,26234
Iowa,Bremer,24276,25062
Iowa,Buchanan,20958,21175
Iowa,Buena Vista,20260,19620
Iowa,Butler,14867,14439
Iowa,Calhoun,9670,9668
Iowa,Carroll,20816,20165
Iowa,Cass,13956,12836
Iowa,Cedar,18499,18627
Iowa,Cerro Gordo,44151,42450
Iowa,Cherokee,12072,11235
Iowa,Chickasaw,12439,11933
Iowa,Clarke,9286,9395
Iowa,Clay,16667,16016
Iowa,Clayton,18129,17549
Iowa,Clinton,49116,46429
Iowa,Crawford,17096,16820
Iowa,Dallas,66135,93453
Iowa,Davis,8753,9000
Iowa,Decatur,8457,7870
Iowa,Delaware,17764,17011
Iowa,Des Moines,40325,38967
Iowa,Dickinson,16667,17258
Iowa,Dubuque,93653,97311
Iowa,Emmet,10302,9208
Iowa,Fayette,20880,19650
Iowa,Floyd,16303,15642
Iowa,Franklin,10680,10070
Iowa,Fremont,7441,6960
Iowa,Greene,9336,8888
Iowa,Grundy,12453,12232
Iowa,Guthrie,10954,10689
Iowa,Hamilton,15673,14773
Iowa,Hancock,11341,10630
Iowa,Hardin,17534,16846
Iowa,Harrison,14928,14049
Iowa,Henry,20145,19954
Iowa,Howard,9566,9158
Iowa,Humboldt,9815,9558
Iowa,Ida,7089,6860
Iowa,Iowa,16355,16184
Iowa,Jackson,19848,19439
Iowa,Jasper,36842,37185
Iowa,Jefferson,16843,18295
Iowa,Johnson,130882,151140
Iowa,Jones,20638,20681
Iowa,Keokuk,10511,10246
Iowa,Kossuth,15543,14813
Iowa,Lee,35862,33657
Iowa,Linn,211226,226706
Iowa,Louisa,11387,11035
Iowa,Lucas,8898,8600
Iowa,Lyon,11581,11755
Iowa,Madison,15679,16338
Iowa,Mahaska,22381,22095
Iowa,Marion,33309,33253
Iowa,Marshall,40648,39369
Iowa,Mills,15059,15109
Iowa,Mitchell,10776,10586
Iowa,Monona,9243,8615
Iowa,Monroe,7970,7707
Iowa,Montgomery,10740,9917
Iowa,Muscatine,42745,42664
Iowa,O'Brien,14398,13753
Iowa,Osceola,6462,5958
Iowa,Page,15932,15107
Iowa,Palo Alto,9421,8886
Iowa,Plymouth,24986,25177
Iowa,Pocahontas,7310,6619
Iowa,Polk,430640,490161
Iowa,Pottawattamie,93158,93206
Iowa,Poweshiek,18914,18504
Iowa,Ringgold,5131,4894
Iowa,Sac,10350,9721
Iowa,Scott,165224,172943
Iowa,Shelby,12167,11454
Iowa,Sioux,33704,34855
Iowa,Story,89542,97117
Iowa,Tama,17767,16854
Iowa,Taylor,6317,6121
Iowa,Union,12534,12241
Iowa,Van Buren,7570,7044
Iowa,Wapello,35625,34969
Iowa,Warren,46225,51466
Iowa,Washington,21704,21965
Iowa,Wayne,6403,6441
Iowa,Webster,38013,35904
Iowa,Winnebago,10866,10354
Iowa,Winneshiek,21056,19991
Iowa,Woodbury,102172,103107
Iowa,Worth,7598,7381
Iowa,Wright,13229,12562
Kansas,Kansas,2853118,2913314
Kansas,Allen,13371,12369
Kansas,Anderson,8102,7858
Kansas,Atchison,16924,16073
Kansas,Barber,4861,4427
Kansas,Barton,27674,25779
Kansas,Bourbon,15173,14534
Kansas,Brown,9984,9564
Kansas,Butler,65880,66911
Kansas,Chase,2790,2648
Kansas,Chautauqua,3669,3250
Kansas,Cherokee,21603,19939
Kansas,Cheyenne,2726,2657
Kansas,Clark,2215,1994
Kansas,Clay,8535,8002
Kansas,Cloud,9533,8786
Kansas,Coffey,8601,8179
Kansas,Comanche,1891,1700
Kansas,Cowley,36311,34908
Kansas,Crawford,39134,38818
Kansas,Decatur,2961,2827
Kansas,Dickinson,19754,18466
Kansas,Doniphan,7945,7600
Kansas,Douglas,110826,122259
Kansas,Edwards,3037,2798
Kansas,Elk,2882,2530
Kansas,Ellis,28452,28553
Kansas,Ellsworth,6497,6102
Kansas,Finney,36776,36467
Kansas,Ford,33848,33619
Kansas,Franklin,25992,25544
Kansas,Geary,34362,31670
Kansas,Gove,2695,2636
Kansas,Graham,2597,2482
Kansas,Grant,7829,7150
Kansas,Gray,6006,5988
Kansas,Greeley,1247,1232
Kansas,Greenwood,6689,5982
Kansas,Hamilton,2690,2539
Kansas,Harper,6034,5436
Kansas,Harvey,34684,34429
Kansas,Haskell,4256,3968
Kansas,Hodgeman,1916,1794
Kansas,Jackson,13462,13171
Kansas,Jefferson,19126,19043
Kansas,Jewell,3077,2879
Kansas,Johnson,544179,602401
Kansas,Kearny,3977,3838
Kansas,Kingman,7858,7152
Kansas,Kiowa,2553,2475
Kansas,Labette,21607,19618
Kansas,Lane,1750,1535
Kansas,Leavenworth,76227,81758
Kansas,Lincoln,3241,2962
Kansas,Linn,9656,9703
Kansas,Logan,2756,2794
Kansas,Lyon,33690,33195
Kansas,McPherson,29180,28542
Kansas,Marion,12660,11884
Kansas,Marshall,10117,9707
Kansas,Meade,4575,4033
Kansas,Miami,32787,34237
Kansas,Mitchell,6373,5979
Kansas,Montgomery,35471,31829
Kansas,Morris,5923,5620
Kansas,Morton,3233,2587
Kansas,Nemaha,10178,10231
Kansas,Neosho,16512,16007
Kansas,Ness,3107,2750
Kansas,Norton,5671,5361
Kansas,Osage,16295,15949
Kansas,Osborne,3858,3421
Kansas,Ottawa,6091,5704
Kansas,Pawnee,6973,6414
Kansas,Phillips,5642,5234
Kansas,Pottawatomie,21604,24383
Kansas,Pratt,9656,9164
Kansas,Rawlins,2519,2530
Kansas,Reno,64511,61998
Kansas,Republic,4980,4636
Kansas,Rice,10083,9537
Kansas,Riley,71115,74232
Kansas,Rooks,5181,4920
Kansas,Rush,3307,3036
Kansas,Russell,6970,6856
Kansas,Saline,55606,54224
Kansas,Scott,4936,4823
Kansas,Sedgwick,498365,516042
Kansas,Seward,22952,21428
Kansas,Shawnee,177934,176875
Kansas,Sheridan,2556,2521
Kansas,Sherman,6010,5917
Kansas,Smith,3853,3583
Kansas,Stafford,4437,4156
Kansas,Stanton,2235,2006
Kansas,Stevens,5724,5485
Kansas,Sumner,24132,22836
Kansas,Thomas,7900,7777
Kansas,Trego,3001,2803
Kansas,Wabaunsee,7053,6931
Kansas,Wallace,1485,1518
Kansas,Washington,5799,5406
Kansas,Wichita,2234,2119
Kansas,Wilson,9409,8525
Kansas,Woodson,3309,3138
Kansas,Wyandotte,157505,165429
Kentucky,Kentucky,4339367,4467673
Kentucky,Adair,18656,19202
Kentucky,Allen,19956,21315
Kentucky,Anderson,21421,22747
Kentucky,Ballard,8249,7888
Kentucky,Barren,42173,44249
Kentucky,Bath,11591,12500
Kentucky,Bell,28691,26032
Kentucky,Boone,118811,133581
Kentucky,Bourbon,19985,19788
Kentucky,Boyd,49542,46718
Kentucky,Boyle,28432,30060
Kentucky,Bracken,8488,8303
Kentucky,Breathitt,13878,12630
Kentucky,Breckinridge,20059,20477
Kentucky,Bullitt,74319,81676
Kentucky,Butler,12690,12879
Kentucky,Caldwell,12984,12747
Kentucky,Calloway,37191,39001
Kentucky,Campbell,90336,93584
Kentucky,Carlisle,5104,4760
Kentucky,Carroll,10811,10631
Kentucky,Carter,27720,26797
Kentucky,Casey,15955,16159
Kentucky,Christian,73955,70461
Kentucky,Clark,35613,36263
Kentucky,Clay,21730,19901
Kentucky,Clinton,10272,10218
Kentucky,Crittenden,9315,8806
Kentucky,Cumberland,6856,6614
Kentucky,Daviess,96656,101511
Kentucky,Edmonson,12161,12150
Kentucky,Elliott,7852,7517
Kentucky,Estill,14672,14106
Kentucky,Fayette,295803,323152
Kentucky,Fleming,14348,14581
Kentucky,Floyd,39451,35589
Kentucky,Franklin,49285,50991
Kentucky,Fulton,6813,5969
Kentucky,Gallatin,8589,8869
Kentucky,Garrard,16912,17666
Kentucky,Grant,24662,25069
Kentucky,Graves,37121,37266
Kentucky,Grayson,25746,26427
Kentucky,Green,11258,10941
Kentucky,Greenup,36910,35098
Kentucky,Hancock,8565,8722
Kentucky,Hardin,105543,110958
Kentucky,Harlan,29278,26010
Kentucky,Harrison,18846,18886
Kentucky,Hart,18199,19035
Kentucky,Henderson,46250,45210
Kentucky,Henry,15416,16126
Kentucky,Hickman,4902,4380
Kentucky,Hopkins,46920,44686
Kentucky,Jackson,13494,13329
Kentucky,Jefferson,741096,766757
Kentucky,Jessamine,48586,54115
Kentucky,Johnson,23356,22188
Kentucky,Kenton,159720,166998
Kentucky,Knott,16346,14806
Kentucky,Knox,31883,31145
Kentucky,Larue,14193,14398
Kentucky,Laurel,58849,60813
Kentucky,Lawrence,15860,15317
Kentucky,Lee,7887,7403
Kentucky,Leslie,11310,9877
Kentucky,Letcher,24519,21553
Kentucky,Lewis,13870,13275
Kentucky,Lincoln,24742,24549
Kentucky,Livingston,9519,9194
Kentucky,Logan,26835,27102
Kentucky,Lyon,8314,8210
Kentucky,McCracken,65565,65418
Kentucky,McCreary,18306,17231
Kentucky,McLean,9531,9207
Kentucky,Madison,82916,92987
Kentucky,Magoffin,13333,12161
Kentucky,Marion,19820,19273
Kentucky,Marshall,31448,31100
Kentucky,Martin,12929,11195
Kentucky,Mason,17490,17070
Kentucky,Meade,28602,28572
Kentucky,Menifee,6306,6489
Kentucky,Mercer,21331,21933
Kentucky,Metcalfe,10099,10071
Kentucky,Monroe,10963,10650
Kentucky,Montgomery,26499,28157
Kentucky,Morgan,13923,13309
Kentucky,Muhlenberg,31499,30622
Kentucky,Nelson,43437,46233
Kentucky,Nicholas,7135,7269
Kentucky,Ohio,23842,23994
Kentucky,Oldham,60316,66799
Kentucky,Owen,10841,10901
Kentucky,Owsley,4755,4415
Kentucky,Pendleton,14877,14590
Kentucky,Perry,28712,25758
Kentucky,Pike,65024,57876
Kentucky,Powell,12613,12359
Kentucky,Pulaski,63063,64979
Kentucky,Robertson,2282,2108
Kentucky,Rockcastle,17056,16695
Kentucky,Rowan,23333,24460
Kentucky,Russell,17565,17923
Kentucky,Scott,47173,57004
Kentucky,Shelby,42074,49024
Kentucky,Simpson,17327,18572
Kentucky,Spencer,17061,19351
Kentucky,Taylor,24512,25769
Kentucky,Todd,12460,12294
Kentucky,Trigg,14339,14651
Kentucky,Trimble,8809,8471
Kentucky,Union,15007,14381
Kentucky,Warren,113792,132896
Kentucky,Washington,11717,12095
Kentucky,Wayne,20813,20333
Kentucky,Webster,13621,12942
Kentucky,Whitley,35637,36264
Kentucky,Wolfe,7355,7157
Kentucky,Woodford,24939,26734
Louisiana,Louisiana,4533372,4648794
Louisiana,Acadia Parish,61773,62045
Louisiana,Allen Parish,25764,25627
Louisiana,Ascension Parish,107215,126604
Louisiana,Assumption Parish,23421,21891
Louisiana,Avoyelles Parish,42073,40144
Louisiana,Beauregard Parish,35654,37497
Louisiana,Bienville Parish,14353,13241
Louisiana,Bossier Parish,116979,127039
Louisiana,Caddo Parish,254969,240204
Louisiana,Calcasieu Parish,192768,203436
Louisiana,Caldwell Parish,10132,9918
Louisiana,Cameron Parish,6839,6973
Louisiana,Catahoula Parish,10407,9494
Louisiana,Claiborne Parish,17195,15670
Louisiana,Concordia Parish,20822,19259
Louisiana,De Soto Parish,26656,27463
Louisiana,East Baton Rouge Parish,440171,440059
Louisiana,East Carroll Parish,7759,6861
Louisiana,East Feliciana Parish,20267,19135
Louisiana,Evangeline Parish,33984,33395
Louisiana,Franklin Parish,20767,20015
Louisiana,Grant Parish,22309,22389
Louisiana,Iberia Parish,73240,69830
Louisiana,Iberville Parish,33387,32511
Louisiana,Jackson Parish,16274,15744
Louisiana,Jefferson Parish,432552,432493
Louisiana,Jefferson Davis Parish,31594,31368
Louisiana,Lafayette Parish,221578,244390
Louisiana,Lafourche Parish,96318,97614
Louisiana,LaSalle Parish,14890,14892
Louisiana,Lincoln Parish,46735,46742
Louisiana,Livingston Parish,128026,140789
Louisiana,Madison Parish,12093,10951
Louisiana,Morehouse Parish,27979,24874
Louisiana,Natchitoches Parish,39566,38158
Louisiana,Orleans Parish,343829,390144
Louisiana,Ouachita Parish,153720,153279
Louisiana,Plaquemines Parish,23042,23197
Louisiana,Pointe Coupee Parish,22802,21730
Louisiana,Rapides Parish,131613,129648
Louisiana,Red River Parish,9091,8442
Louisiana,Richland Parish,20725,20122
Louisiana,Sabine Parish,24233,23884
Louisiana,St. Bernard Parish,35897,47244
Louisiana,St. Charles Parish,52780,53100
Louisiana,St. Helena Parish,11203,10132
Louisiana,St. James Parish,22102,21096
Louisiana,St. John the Baptist Parish,45924,42837
Louisiana,St. Landry Parish,83384,82124
Louisiana,St. Martin Parish,52160,53431
Louisiana,St. Mary Parish,54650,49348
Louisiana,St. Tammany Parish,233740,260419
Louisiana,Tangipahoa Parish,121097,134758
Louisiana,Tensas Parish,5252,4334
Louisiana,Terrebonne Parish,111860,110461
Louisiana,Union Parish,22721,22108
Louisiana,Vermilion Parish,57999,59511
Louisiana,Vernon Parish,52334,47429
Louisiana,Washington Parish,47168,46194
Louisiana,Webster Parish,41207,38340
Louisiana,West Baton Rouge Parish,23788,26465
Louisiana,West Carroll Parish,11604,10830
Louisiana,West Feliciana Parish,15625,15568
Louisiana,Winn Parish,15313,13904
Maine,Maine,1328361,1344212
Maine,Androscoggin,107702,108277
Maine,Aroostook,71870,67055
Maine,Cumberland,281674,295003
Maine,Franklin,30768,30199
Maine,Hancock,54418,54987
Maine,Kennebec,122151,122302
Maine,Knox,39736,39772
Maine,Lincoln,34457,34634
Maine,Oxford,57833,57975
Maine,Penobscot,153923,152148
Maine,Piscataquis,17535,16785
Maine,Sagadahoc,35293,35856
Maine,Somerset,52228,50484
Maine,Waldo,38786,39715
Maine,Washington,32856,31379
Maine,York,197131,207641
Maryland,Maryland,5773552,6045680
Maryland,Allegany,75087,70416
Maryland,Anne Arundel,537656,579234
Maryland,Baltimore,805029,827370
Maryland,Calvert,88737,92525
Maryland,Caroline,33066,33406
Maryland,Carroll,167134,168447
Maryland,Cecil,101108,102855
Maryland,Charles,146551,163257
Maryland,Dorchester,32618,31929
Maryland,Frederick,233385,259547
Maryland,Garrett,30097,29014
Maryland,Harford,244826,255441
Maryland,Howard,287085,325690
Maryland,Kent,20197,19422
Maryland,Montgomery,971777,1050688
Maryland,Prince George's,863420,909327
Maryland,Queen Anne's,47798,50381
Maryland,St. Mary's,105151,113510
Maryland,Somerset,26470,25616
Maryland,Talbot,37782,37181
Maryland,Washington,147430,151049
Maryland,Wicomico,98733,103609
Maryland,Worcester,51454,52276
Maryland,Baltimore city,620961,593490
Massachusetts,Massachusetts,6547629,6892503
Massachusetts,Barnstable,215888,212990
Massachusetts,Berkshire,131219,124944
Massachusetts,Bristol,548285,565217
Massachusetts,Dukes,16535,17332
Massachusetts,Essex,743159,789034
Massachusetts,Franklin,71372,70180
Massachusetts,Hampden,463490,466372
Massachusetts,Hampshire,158080,160830
Massachusetts,Middlesex,1503085,1611699
Massachusetts,Nantucket,10172,11399
Massachusetts,Norfolk,670850,706775
Massachusetts,Plymouth,494919,521202
Massachusetts,Suffolk,722023,803907
Massachusetts,Worcester,798552,830622
Michigan,Michigan,9883640,9986857
Michigan,Alcona,10942,10405
Michigan,Alger,9601,9108
Michigan,Allegan,111408,118081
Michigan,Alpena,29598,28405
Michigan,Antrim,23580,23324
Michigan,Arenac,15899,14883
Michigan,Baraga,8860,8209
Michigan,Barry,59173,61550
Michigan,Bay,107771,103126
Michigan,Benzie,17525,17766
Michigan,Berrien,156813,153401
Michigan,Branch,45248,43517
Michigan,Calhoun,136146,134159
Michigan,Cass,52293,51787
Michigan,Charlevoix,25949,26143
Michigan,Cheboygan,26152,25276
Michigan,Chippewa,38520,37349
Michigan,Clare,30926,30950
Michigan,Clinton,75382,79595
Michigan,Crawford,14074,14029
Michigan,Delta,37069,35784
Michigan,Dickinson,26168,25239
Michigan,Eaton,107759,110268
Michigan,Emmet,32694,33415
Michigan,Genesee,425790,405813
Michigan,Gladwin,25692,25449
Michigan,Gogebic,16427,13975
Michigan,Grand Traverse,86986,93088
Michigan,Gratiot,42476,40711
Michigan,Hillsdale,46688,45605
Michigan,Houghton,36628,35684
Michigan,Huron,33118,30981
Michigan,Ingham,280895,292406
Michigan,Ionia,63905,64697
Michigan,Iosco,25887,25127
Michigan,Iron,11817,11066
Michigan,Isabella,70311,69872
Michigan,Jackson,160248,158510
Michigan,Kalamazoo,250331,265066
Michigan,Kalkaska,17153,18038
Michigan,Kent,602622,656955
Michigan,Keweenaw,2156,2116
Michigan,Lake,11539,11853
Michigan,Lapeer,88319,87607
Michigan,Leelanau,21708,21761
Michigan,Lenawee,99892,98451
Michigan,Livingston,180967,191995
Michigan,Luce,6631,6229
Michigan,Mackinac,11113,10799
Michigan,Macomb,840978,873972
Michigan,Manistee,24733,24558
Michigan,Marquette,67077,66699
Michigan,Mason,28705,29144
Michigan,Mecosta,42798,43453
Michigan,Menominee,24029,22780
Michigan,Midland,83629,83156
Michigan,Missaukee,14849,15118
Michigan,Monroe,152021,150500
Michigan,Montcalm,63342,63888
Michigan,Montmorency,9765,9328
Michigan,Muskegon,172188,173566
Michigan,Newaygo,48460,48980
Michigan,Oakland,1202362,1257584
Michigan,Oceana,26570,26467
Michigan,Ogemaw,21699,20997
Michigan,Ontonagon,6780,5720
Michigan,Osceola,23528,23460
Michigan,Oscoda,8640,8241
Michigan,Otsego,24164,24668
Michigan,Ottawa,263801,291830
Michigan,Presque Isle,13376,12592
Michigan,Roscommon,24449,24019
Michigan,Saginaw,200169,190539
Michigan,St. Clair,163040,159128
Michigan,St. Joseph,61295,60964
Michigan,Sanilac,43114,41170
Michigan,Schoolcraft,8485,8094
Michigan,Shiawassee,70648,68122
Michigan,Tuscola,55729,52245
Michigan,Van Buren,76258,75677
Michigan,Washtenaw,344791,367601
Michigan,Wayne,1820584,1749343
Michigan,Wexford,32735,33631
Minnesota,Minnesota,5303925,5639632
Minnesota,Aitkin,16202,15886
Minnesota,Anoka,330844,356921
Minnesota,Becker,32504,34423
Minnesota,Beltrami,44442,47188
Minnesota,Benton,38451,40889
Minnesota,Big Stone,5269,4991
Minnesota,Blue Earth,64013,67653
Minnesota,Brown,25893,25008
Minnesota,Carlton,35386,35871
Minnesota,Carver,91042,105089
Minnesota,Cass,28567,29779
Minnesota,Chippewa,12441,11800
Minnesota,Chisago,53887,56579
Minnesota,Clay,58999,64222
Minnesota,Clearwater,8695,8818
Minnesota,Cook,5176,5463
Minnesota,Cottonwood,11687,11196
Minnesota,Crow Wing,62500,65055
Minnesota,Dakota,398552,429021
Minnesota,Dodge,20087,20934
Minnesota,Douglas,36009,38141
Minnesota,Faribault,14553,13653
Minnesota,Fillmore,20866,21067
Minnesota,Freeborn,31255,30281
Minnesota,Goodhue,46183,46340
Minnesota,Grant,6018,5972
Minnesota,Hennepin,1152425,1265843
Minnesota,Houston,19027,18600
Minnesota,Hubbard,20428,21491
Minnesota,Isanti,37816,40596
Minnesota,Itasca,45058,45130
Minnesota,Jackson,10266,9846
Minnesota,Kanabec,16239,16337
Minnesota,Kandiyohi,42239,43199
Minnesota,Kittson,4552,4298
Minnesota,Koochiching,13311,12229
Minnesota,Lac qui Parle,7259,6623
Minnesota,Lake,10866,10641
Minnesota,Lake of the Woods,4045,3740
Minnesota,Le Sueur,27703,28887
Minnesota,Lincoln,5896,5639
Minnesota,Lyon,25857,25474
Minnesota,McLeod,36651,35893
Minnesota,Mahnomen,5413,5527
Minnesota,Marshall,9439,9336
Minnesota,Martin,20840,19683
Minnesota,Meeker,23300,23222
Minnesota,Mille Lacs,26097,26277
Minnesota,Morrison,33198,33386
Minnesota,Mower,39163,40062
Minnesota,Murray,8725,8194
Minnesota,Nicollet,32727,34274
Minnesota,Nobles,21378,21629
Minnesota,Norman,6852,6375
Minnesota,Olmsted,144248,158293
Minnesota,Otter Tail,57303,58746
Minnesota,Pennington,13930,14119
Minnesota,Pine,29750,29579
Minnesota,Pipestone,9596,9126
Minnesota,Polk,31600,31364
Minnesota,Pope,10995,11249
Minnesota,Ramsey,508640,550321
Minnesota,Red Lake,4089,4055
Minnesota,Redwood,16059,15170
Minnesota,Renville,15730,14548
Minnesota,Rice,64142,66972
Minnesota,Rock,9687,9315
Minnesota,Roseau,15629,15165
Minnesota,St. Louis,200226,199070
Minnesota,Scott,129928,149013
Minnesota,Sherburne,88499,97238
Minnesota,Sibley,15226,14865
Minnesota,Stearns,150642,161075
Minnesota,Steele,36576,36649
Minnesota,Stevens,9726,9805
Minnesota,Swift,9783,9266
Minnesota,Todd,24895,24664
Minnesota,Traverse,3558,3259
Minnesota,Wabasha,21676,21627
Minnesota,Wadena,13843,13682
Minnesota,Waseca,19136,18612
Minnesota,Washington,238136,262440
Minnesota,Watonwan,11211,10897
Minnesota,Wilkin,6576,6207
Minnesota,Winona,51461,50484
Minnesota,Wright,124700,138377
Minnesota,Yellow Medicine,10438,9709
Mississippi,Mississippi,2967297,2976149
Mississippi,Adams,32297,30693
Mississippi,Alcorn,37057,36953
Mississippi,Amite,13131,12297
Mississippi,Attala,19564,18174
Mississippi,Benton,8729,8259
Mississippi,Bolivar,34145,30628
Mississippi,Calhoun,14962,14361
Mississippi,Carroll,10597,9947
Mississippi,Chickasaw,17392,17103
Mississippi,Choctaw,8547,8210
Mississippi,Claiborne,9604,8988
Mississippi,Clarke,16732,15541
Mississippi,Clay,20634,19316
Mississippi,Coahoma,26151,22124
Mississippi,Copiah,29449,28065
Mississippi,Covington,19568,18636
Mississippi,DeSoto,161252,184945
Mississippi,Forrest,74934,74897
Mississippi,Franklin,8118,7713
Mississippi,George,22578,24500
Mississippi,Greene,14400,13586
Mississippi,Grenada,21906,20758
Mississippi,Hancock,43929,47632
Mississippi,Harrison,187105,208080
Mississippi,Hinds,245285,231840
Mississippi,Holmes,19198,17010
Mississippi,Humphreys,9375,8064
Mississippi,Issaquena,1406,1327
Mississippi,Itawamba,23401,23390
Mississippi,Jackson,139668,143617
Mississippi,Jasper,17062,16383
Mississippi,Jefferson,7726,6990
Mississippi,Jefferson Davis,12487,11128
Mississippi,Jones,67761,68098
Mississippi,Kemper,10456,9742
Mississippi,Lafayette,47351,54019
Mississippi,Lamar,55658,63343
Mississippi,Lauderdale,80261,74125
Mississippi,Lawrence,12929,12586
Mississippi,Leake,23805,22786
Mississippi,Lee,82910,85436
Mississippi,Leflore,32317,28183
Mississippi,Lincoln,34869,34153
Mississippi,Lowndes,59779,58595
Mississippi,Madison,95203,106272
Mississippi,Marion,27088,24573
Mississippi,Marshall,37144,35294
Mississippi,Monroe,36989,35252
Mississippi,Montgomery,10925,9775
Mississippi,Neshoba,29676,29118
Mississippi,Newton,21720,21018
Mississippi,Noxubee,11545,10417
Mississippi,Oktibbeha,47671,49587
Mississippi,Panola,34707,34192
Mississippi,Pearl River,55834,55535
Mississippi,Perry,12250,11973
Mississippi,Pike,40404,39288
Mississippi,Pontotoc,29957,32174
Mississippi,Prentiss,25276,25126
Mississippi,Quitman,8223,6792
Mississippi,Rankin,141617,155271
Mississippi,Scott,28264,28124
Mississippi,Sharkey,4916,4321
Mississippi,Simpson,27503,26658
Mississippi,Smith,16491,15916
Mississippi,Stone,17786,18336
Mississippi,Sunflower,29450,25110
Mississippi,Tallahatchie,15378,13809
Mississippi,Tate,28886,28321
Mississippi,Tippah,22232,22015
Mississippi,Tishomingo,19593,19383
Mississippi,Tunica,10778,9632
Mississippi,Union,27134,28815
Mississippi,Walthall,15443,14286
Mississippi,Warren,48773,45381
Mississippi,Washington,51137,43909
Mississippi,Wayne,20747,20183
Mississippi,Webster,10253,9689
Mississippi,Wilkinson,9878,8630
Mississippi,Winston,19198,17955
Mississippi,Yalobusha,12678,12108
Mississippi,Yazoo,28065,29690
Missouri,Missouri,5988927,6137428
Missouri,Adair,25607,25343
Missouri,Andrew,17291,17712
Missouri,Atchison,5685,5143
Missouri,Audrain,25529,25388
Missouri,Barry,35597,35789
Missouri,Barton,12402,11754
Missouri,Bates,17049,16172
Missouri,Benton,19056,19443
Missouri,Bollinger,12363,12133
Missouri,Boone,162642,180463
Missouri,Buchanan,89201,87364
Missouri,Butler,42794,42478
Missouri,Caldwell,9424,9020
Missouri,Callaway,44332,44743
Missouri,Camden,44002,46305
Missouri,Cape Girardeau,75674,78871
Missouri,Carroll,9295,8679
Missouri,Carter,6265,5982
Missouri,Cass,99478,105780
Missouri,Cedar,13982,14349
Missouri,Chariton,7831,7426
Missouri,Christian,77422,88595
Missouri,Clark,7139,6797
Missouri,Clay,221939,249948
Missouri,Clinton,20743,20387
Missouri,Cole,75990,76745
Missouri,Cooper,17601,17709
Missouri,Crawford,24696,23920
Missouri,Dade,7883,7561
Missouri,Dallas,16777,16878
Missouri,Daviess,8433,8278
Missouri,DeKalb,12892,12547
Missouri,Dent,15657,15573
Missouri,Douglas,13684,13185
Missouri,Dunklin,31953,29131
Missouri,Franklin,101492,103967
Missouri,Gasconade,15222,14706
Missouri,Gentry,6738,6571
Missouri,Greene,275174,293086
Missouri,Grundy,10261,9850
Missouri,Harrison,8957,8352
Missouri,Henry,22272,21824
Missouri,Hickory,9627,9544
Missouri,Holt,4912,4403
Missouri,Howard,10144,10001
Missouri,Howell,40400,40117
Missouri,Iron,10630,10125
Missouri,Jackson,674158,703011
Missouri,Jasper,117404,121328
Missouri,Jefferson,218733,225081
Missouri,Johnson,52595,54062
Missouri,Knox,4131,3959
Missouri,Laclede,35571,35723
Missouri,Lafayette,33381,32708
Missouri,Lawrence,38634,38355
Missouri,Lewis,10211,9776
Missouri,Lincoln,52566,59013
Missouri,Linn,12761,11920
Missouri,Livingston,15195,15227
Missouri,McDonald,23083,22837
Missouri,Macon,15566,15117
Missouri,Madison,12226,12088
Missouri,Maries,9176,8697
Missouri,Marion,28781,28530
Missouri,Mercer,3785,3617
Missouri,Miller,24748,25619
Missouri,Mississippi,14358,13180
Missouri,Moniteau,15607,16132
Missouri,Monroe,8840,8644
Missouri,Montgomery,12236,11551
Missouri,Morgan,20565,20627
Missouri,New Madrid,18956,17076
Missouri,Newton,58114,58236
Missouri,Nodaway,23370,22092
Missouri,Oregon,10881,10529
Missouri,Osage,13878,13615
Missouri,Ozark,9723,9174
Missouri,Pemiscot,18296,15805
Missouri,Perry,18971,19136
Missouri,Pettis,42201,42339
Missouri,Phelps,45156,44573
Missouri,Pike,18516,18302
Missouri,Platte,89322,104418
Missouri,Polk,31137,32149
Missouri,Pulaski,52274,52607
Missouri,Putnam,4979,4696
Missouri,Ralls,10167,10309
Missouri,Randolph,25414,24748
Missouri,Ray,23494,23018
Missouri,Reynolds,6696,6270
Missouri,Ripley,14100,13288
Missouri,St. Charles,360485,402022
Missouri,St. Clair,9805,9397
Missouri,Ste. Genevieve,18145,17894
Missouri,St. Francois,65359,67215
Missouri,St. Louis,998954,994205
Missouri,Saline,23370,22761
Missouri,Schuyler,4431,4660
Missouri,Scotland,4843,4902
Missouri,Scott,39191,38280
Missouri,Shannon,8441,8166
Missouri,Shelby,6373,5930
Missouri,Stoddard,29968,29025
Missouri,Stone,32202,31952
Missouri,Sullivan,6714,6089
Missouri,Taney,51675,55928
Missouri,Texas,26008,25398
Missouri,Vernon,21159,20563
Missouri,Warren,32513,35649
Missouri,Washington,25195,24730
Missouri,Wayne,13521,12873
Missouri,Webster,36202,39592
Missouri,Worth,2171,2013
Missouri,Wright,18815,18289
Missouri,St. Louis city,319294,300576
Montana,Montana,989415,1068778
Montana,Beaverhead,9246,9453
Montana,Big Horn,12865,13319
Montana,Blaine,6491,6681
Montana,Broadwater,5612,6237
Montana,Carbon,10078,10725
Montana,Carter,1160,1252
Montana,Cascade,81327,81366
Montana,Chouteau,5813,5635
Montana,Custer,11699,11402
Montana,Daniels,1751,1690
Montana,Dawson,8966,8613
Montana,Deer Lodge,9298,9140
Montana,Fallon,2890,2846
Montana,Fergus,11586,11050
Montana,Flathead,90928,103806
Montana,Gallatin,89513,114434
Montana,Garfield,1206,1258
Montana,Glacier,13399,13753
Montana,Golden Valley,884,821
Montana,Granite,3079,3379
Montana,Hill,16096,16484
Montana,Jefferson,11406,12221
Montana,Judith Basin,2072,2007
Montana,Lake,28746,30458
Montana,Lewis and Clark,63395,69432
Montana,Liberty,2339,2337
Montana,Lincoln,19687,19980
Montana,McCone,1734,1664
Montana,Madison,7691,8600
Montana,Meagher,1891,1862
Montana,Mineral,4223,4397
Montana,Missoula,109299,119600
Montana,Musselshell,4538,4633
Montana,Park,15636,16606
Montana,Petroleum,494,487
Montana,Phillips,4253,3954
Montana,Pondera,6153,5911
Montana,Powder River,1743,1682
Montana,Powell,7027,6890
Montana,Prairie,1179,1077
Montana,Ravalli,40212,43806
Montana,Richland,9746,10803
Montana,Roosevelt,10425,11004
Montana,Rosebud,9233,8937
Montana,Sanders,11413,12113
Montana,Sheridan,3384,3309
Montana,Silver Bow,34200,34915
Montana,Stillwater,9117,9642
Montana,Sweet Grass,3651,3737
Montana,Teton,6073,6147
Montana,Toole,5324,4736
Montana,Treasure,718,696
Montana,Valley,7369,7396
Montana,Wheatland,2168,2126
Montana,Wibaux,1017,969
Montana,Yellowstone,147972,161300
Nebraska,Nebraska,1826341,1934408
Nebraska,Adams,31364,31363
Nebraska,Antelope,6685,6298
Nebraska,Arthur,460,463
Nebraska,Banner,690,745
Nebraska,Blaine,478,465
Nebraska,Boone,5505,5192
Nebraska,Box Butte,11308,10783
Nebraska,Boyd,2099,1919
Nebraska,Brown,3145,2955
Nebraska,Buffalo,46102,49659
Nebraska,Burt,6858,6459
Nebraska,Butler,8395,8016
Nebraska,Cass,25241,26248
Nebraska,Cedar,8852,8402
Nebraska,Chase,3966,3924
Nebraska,Cherry,5713,5689
Nebraska,Cheyenne,9998,8910
Nebraska,Clay,6542,6203
Nebraska,Colfax,10515,10709
Nebraska,Cuming,9139,8846
Nebraska,Custer,10939,10777
Nebraska,Dakota,21006,20026
Nebraska,Dawes,9182,8589
Nebraska,Dawson,24326,23595
Nebraska,Deuel,1941,1794
Nebraska,Dixon,6000,5636
Nebraska,Dodge,36691,36565
Nebraska,Douglas,517110,571327
Nebraska,Dundy,2008,1693
Nebraska,Fillmore,5890,5462
Nebraska,Franklin,3225,2979
Nebraska,Frontier,2756,2627
Nebraska,Furnas,4959,4676
Nebraska,Gage,22311,21513
Nebraska,Garden,2057,1837
Nebraska,Garfield,2049,1969
Nebraska,Gosper,2044,1990
Nebraska,Grant,614,623
Nebraska,Greeley,2538,2356
Nebraska,Hall,58607,61353
Nebraska,Hamilton,9124,9324
Nebraska,Harlan,3423,3380
Nebraska,Hayes,967,922
Nebraska,Hitchcock,2908,2762
Nebraska,Holt,10435,10067
Nebraska,Hooker,736,682
Nebraska,Howard,6274,6445
Nebraska,Jefferson,7547,7046
Nebraska,Johnson,5217,5071
Nebraska,Kearney,6489,6495
Nebraska,Keith,8368,8034
Nebraska,Keya Paha,824,806
Nebraska,Kimball,3821,3632
Nebraska,Knox,8701,8332
Nebraska,Lancaster,285407,319090
Nebraska,Lincoln,36288,34914
Nebraska,Logan,763,748
Nebraska,Loup,632,664
Nebraska,McPherson,539,494
Nebraska,Madison,34876,35099
Nebraska,Merrick,7845,7755
Nebraska,Morrill,5042,4642
Nebraska,Nance,3735,3519
Nebraska,Nemaha,7248,6972
Nebraska,Nuckolls,4500,4148
Nebraska,Otoe,15740,16012
Nebraska,Pawnee,2773,2613
Nebraska,Perkins,2970,2891
Nebraska,Phelps,9188,9034
Nebraska,Pierce,7266,7148
Nebraska,Platte,32237,33470
Nebraska,Polk,5406,5213
Nebraska,Red Willow,11055,10724
Nebraska,Richardson,8363,7865
Nebraska,Rock,1526,1357
Nebraska,Saline,14200,14224
Nebraska,Sarpy,158840,187196
Nebraska,Saunders,20780,21578
Nebraska,Scotts Bluff,36970,35618
Nebraska,Seward,16750,17284
Nebraska,Sheridan,5469,5246
Nebraska,Sherman,3152,3001
Nebraska,Sioux,1311,1166
Nebraska,Stanton,6129,5920
Nebraska,Thayer,5228,5003
Nebraska,Thomas,647,722
Nebraska,Thurston,6940,7224
Nebraska,Valley,4260,4158
Nebraska,Washington,20234,20729
Nebraska,Wayne,9595,9385
Nebraska,Webster,3812,3487
Nebraska,Wheeler,818,783
Nebraska,York,13665,13679
Nevada,Nevada,2700551,3080156
Nevada,Churchill,24877,24909
Nevada,Clark,1951269,2266715
Nevada,Douglas,46997,48905
Nevada,Elko,48818,52778
Nevada,Esmeralda,783,873
Nevada,Eureka,1987,2029
Nevada,Humboldt,16528,16831
Nevada,Lander,5775,5532
Nevada,Lincoln,5345,5183
Nevada,Lyon,51980,57510
Nevada,Mineral,4772,4505
Nevada,Nye,43946,46523
Nevada,Pershing,6753,6725
Nevada,Storey,4010,4123
Nevada,Washoe,421407,471519
Nevada,White Pine,10030,9580
Nevada,Carson City,55274,55916
New Hampshire,New Hampshire,1316470,1359711
New Hampshire,Belknap,60088,61303
New Hampshire,Carroll,47818,48910
New Hampshire,Cheshire,77117,76085
New Hampshire,Coos,33055,31563
New Hampshire,Grafton,89118,89886
New Hampshire,Hillsborough,400721,417025
New Hampshire,Merrimack,146445,151391
New Hampshire,Rockingham,295223,309769
New Hampshire,Strafford,123143,130633
New Hampshire,Sullivan,43742,43146
New Jersey,New Jersey,8791894,8882190
New Jersey,Atlantic,274549,263670
New Jersey,Bergen,905116,932202
New Jersey,Burlington,448734,445349
New Jersey,Camden,513657,506471
New Jersey,Cape May,97265,92039
New Jersey,Cumberland,156898,149527
New Jersey,Essex,783969,798975
New Jersey,Gloucester,288288,291636
New Jersey,Hudson,634266,672391
New Jersey,Hunterdon,128349,124371
New Jersey,Mercer,366513,367430
New Jersey,Middlesex,809858,825062
New Jersey,Monmouth,630380,618795
New Jersey,Morris,492276,491845
New Jersey,Ocean,576567,607186
New Jersey,Passaic,501226,501826
New Jersey,Salem,66083,62385
New Jersey,Somerset,323444,328934
New Jersey,Sussex,149265,140488
New Jersey,Union,536499,556341
New Jersey,Warren,108692,105267
New Mexico,New Mexico,2059179,2096829
New Mexico,Bernalillo,662564,679121
New Mexico,Catron,3725,3527
New Mexico,Chaves,65645,64615
New Mexico,Cibola,27213,26675
New Mexico,Colfax,13750,11941
New Mexico,Curry,48376,48954
New Mexico,De Baca,2022,1748
New Mexico,Doa Ana,209233,218195
New Mexico,Eddy,53829,58460
New Mexico,Grant,29514,26998
New Mexico,Guadalupe,4687,4300
New Mexico,Harding,695,625
New Mexico,Hidalgo,4894,4198
New Mexico,Lea,64727,71070
New Mexico,Lincoln,20497,19572
New Mexico,Los Alamos,17950,19369
New Mexico,Luna,25095,23709
New Mexico,McKinley,71492,71367
New Mexico,Mora,4881,4521
New Mexico,Otero,63797,67490
New Mexico,Quay,9041,8253
New Mexico,Rio Arriba,40246,38921
New Mexico,Roosevelt,19846,18500
New Mexico,Sandoval,131561,146748
New Mexico,San Juan,130044,123958
New Mexico,San Miguel,29393,27277
New Mexico,Santa Fe,144170,150358
New Mexico,Sierra,11988,10791
New Mexico,Socorro,17866,16637
New Mexico,Taos,32937,32723
New Mexico,Torrance,16383,15461
New Mexico,Union,4549,4059
New Mexico,Valencia,76569,76688
New York,New York,19378102,19453561
New York,Albany,304204,305506
New York,Allegany,48946,46091
New York,Bronx,1385108,1418207
New York,Broome,200600,190488
New York,Cattaraugus,80317,76117
New York,Cayuga,80026,76576
New York,Chautauqua,134905,126903
New York,Chemung,88830,83456
New York,Chenango,50477,47207
New York,Clinton,82128,80485
New York,Columbia,63096,59461
New York,Cortland,49336,47581
New York,Delaware,47980,44135
New York,Dutchess,297488,294218
New York,Erie,919040,918702
New York,Essex,39370,36885
New York,Franklin,51599,50022
New York,Fulton,55531,53383
New York,Genesee,60079,57280
New York,Greene,49221,47188
New York,Hamilton,4836,4416
New York,Herkimer,64519,61319
New York,Jefferson,116229,109834
New York,Kings,2504700,2559903
New York,Lewis,27087,26296
New York,Livingston,65393,62914
New York,Madison,73442,70941
New York,Monroe,744344,741770
New York,Montgomery,50219,49221
New York,Nassau,1339532,1356924
New York,New York,1585873,1628706
New York,Niagara,216469,209281
New York,Oneida,234878,228671
New York,Onondaga,467026,460528
New York,Ontario,107931,109777
New York,Orange,372813,384940
New York,Orleans,42883,40352
New York,Oswego,122109,117124
New York,Otsego,62259,59493
New York,Putnam,99710,98320
New York,Queens,2230722,2253858
New York,Rensselaer,159429,158714
New York,Richmond,468730,476143
New York,Rockland,311687,325789
New York,St. Lawrence,111944,107740
New York,Saratoga,219607,229863
New York,Schenectady,154727,155299
New York,Schoharie,32749,30999
New York,Schuyler,18343,17807
New York,Seneca,35251,34016
New York,Steuben,98990,95379
New York,Suffolk,1493350,1476601
New York,Sullivan,77547,75432
New York,Tioga,51125,48203
New York,Tompkins,101564,102180
New York,Ulster,182493,177573
New York,Warren,65707,63944
New York,Washington,63216,61204
New York,Wayne,93772,89918
New York,Westchester,949113,967506
New York,Wyoming,42155,39859
New York,Yates,25348,24913
North Carolina,North Carolina,9535483,10488084
North Carolina,Alamance,151131,169509
North Carolina,Alexander,37198,37497
North Carolina,Alleghany,11155,11137
North Carolina,Anson,26948,24446
North Carolina,Ashe,27281,27203
North Carolina,Avery,17797,17557
North Carolina,Beaufort,47759,46994
North Carolina,Bertie,21282,18947
North Carolina,Bladen,35190,32722
North Carolina,Brunswick,107431,142820
North Carolina,Buncombe,238318,261191
North Carolina,Burke,90912,90485
North Carolina,Cabarrus,178011,216453
North Carolina,Caldwell,83029,82178
North Carolina,Camden,9980,10867
North Carolina,Carteret,66469,69473
North Carolina,Caswell,23719,22604
North Carolina,Catawba,154358,159551
North Carolina,Chatham,63505,74470
North Carolina,Cherokee,27444,28612
North Carolina,Chowan,14793,13943
North Carolina,Clay,10587,11231
North Carolina,Cleveland,98078,97947
North Carolina,Columbus,58098,55508
North Carolina,Craven,103505,102139
North Carolina,Cumberland,319431,335509
North Carolina,Currituck,23547,27763
North Carolina,Dare,33920,37009
North Carolina,Davidson,162878,167609
North Carolina,Davie,41240,42846
North Carolina,Duplin,58505,58741
North Carolina,Durham,267587,321488
North Carolina,Edgecombe,56552,51472
North Carolina,Forsyth,350670,382295
North Carolina,Franklin,60619,69685
North Carolina,Gaston,206086,224529
North Carolina,Gates,12197,11562
North Carolina,Graham,8861,8441
North Carolina,Granville,59916,60443
North Carolina,Greene,21362,21069
North Carolina,Guilford,488406,537174
North Carolina,Halifax,54691,50010
North Carolina,Harnett,114678,135976
North Carolina,Haywood,59036,62317
North Carolina,Henderson,106740,117417
North Carolina,Hertford,24669,23677
North Carolina,Hoke,46952,55234
North Carolina,Hyde,5810,4937
North Carolina,Iredell,159437,181806
North Carolina,Jackson,40271,43938
North Carolina,Johnston,168878,209339
North Carolina,Jones,10153,9419
North Carolina,Lee,57866,61779
North Carolina,Lenoir,59495,55949
North Carolina,Lincoln,78265,86111
North Carolina,McDowell,44996,45756
North Carolina,Macon,33922,35858
North Carolina,Madison,20764,21755
North Carolina,Martin,24505,22440
North Carolina,Mecklenburg,919628,1110356
North Carolina,Mitchell,15579,14964
North Carolina,Montgomery,27798,27173
North Carolina,Moore,88247,100880
North Carolina,Nash,95840,94298
North Carolina,New Hanover,202667,234473
North Carolina,Northampton,22099,19483
North Carolina,Onslow,177772,197938
North Carolina,Orange,133801,148476
North Carolina,Pamlico,13144,12726
North Carolina,Pasquotank,40661,39824
North Carolina,Pender,52217,63060
North Carolina,Perquimans,13453,13463
North Carolina,Person,39464,39490
North Carolina,Pitt,168148,180742
North Carolina,Polk,20510,20724
North Carolina,Randolph,141752,143667
North Carolina,Richmond,46639,44829
North Carolina,Robeson,134168,130625
North Carolina,Rockingham,93643,91010
North Carolina,Rowan,138428,142088
North Carolina,Rutherford,67810,67029
North Carolina,Sampson,63431,63531
North Carolina,Scotland,36157,34823
North Carolina,Stanly,60585,62806
North Carolina,Stokes,47401,45591
North Carolina,Surry,73673,71783
North Carolina,Swain,13981,14271
North Carolina,Transylvania,33090,34385
North Carolina,Tyrrell,4407,4016
North Carolina,Union,201292,239859
North Carolina,Vance,45422,44535
North Carolina,Wake,900993,1111761
North Carolina,Warren,20972,19731
North Carolina,Washington,13228,11580
North Carolina,Watauga,51079,56177
North Carolina,Wayne,122623,123131
North Carolina,Wilkes,69340,68412
North Carolina,Wilson,81234,81801
North Carolina,Yadkin,38406,37667
North Carolina,Yancey,17818,18069
North Dakota,North Dakota,672591,762062
North Dakota,Adams,2343,2216
North Dakota,Barnes,11066,10415
North Dakota,Benson,6660,6832
North Dakota,Billings,783,928
North Dakota,Bottineau,6429,6282
North Dakota,Bowman,3151,3024
North Dakota,Burke,1968,2115
North Dakota,Burleigh,81308,95626
North Dakota,Cass,149778,181923
North Dakota,Cavalier,3993,3762
North Dakota,Dickey,5289,4872
North Dakota,Divide,2071,2264
North Dakota,Dunn,3536,4424
North Dakota,Eddy,2385,2287
North Dakota,Emmons,3550,3241
North Dakota,Foster,3343,3210
North Dakota,Golden Valley,1680,1761
North Dakota,Grand Forks,66861,69451
North Dakota,Grant,2394,2274
North Dakota,Griggs,2420,2231
North Dakota,Hettinger,2477,2499
North Dakota,Kidder,2435,2480
North Dakota,LaMoure,4139,4046
North Dakota,Logan,1990,1850
North Dakota,McHenry,5395,5745
North Dakota,McIntosh,2809,2497
North Dakota,McKenzie,6360,15024
North Dakota,McLean,8962,9450
North Dakota,Mercer,8424,8187
North Dakota,Morton,27471,31364
North Dakota,Mountrail,7673,10545
North Dakota,Nelson,3126,2879
North Dakota,Oliver,1846,1959
North Dakota,Pembina,7413,6801
North Dakota,Pierce,4357,3975
North Dakota,Ramsey,11451,11519
North Dakota,Ransom,5457,5218
North Dakota,Renville,2470,2327
North Dakota,Richland,16321,16177
North Dakota,Rolette,13937,14176
North Dakota,Sargent,3829,3898
North Dakota,Sheridan,1321,1315
North Dakota,Sioux,4153,4230
North Dakota,Slope,727,750
North Dakota,Stark,24199,31489
North Dakota,Steele,1975,1890
North Dakota,Stutsman,21100,20704
North Dakota,Towner,2246,2189
North Dakota,Traill,8121,8036
North Dakota,Walsh,11119,10641
North Dakota,Ward,61675,67641
North Dakota,Wells,4207,3834
North Dakota,Williams,22398,37589
Ohio,Ohio,11536504,11689100
Ohio,Adams,28550,27698
Ohio,Allen,106331,102351
Ohio,Ashland,53139,53484
Ohio,Ashtabula,101497,97241
Ohio,Athens,64757,65327
Ohio,Auglaize,45949,45656
Ohio,Belmont,70400,67006
Ohio,Brown,44846,43432
Ohio,Butler,368130,383134
Ohio,Carroll,28836,26914
Ohio,Champaign,40097,38885
Ohio,Clark,138333,134083
Ohio,Clermont,197363,206428
Ohio,Clinton,42040,41968
Ohio,Columbiana,107841,101883
Ohio,Coshocton,36901,36600
Ohio,Crawford,43784,41494
Ohio,Cuyahoga,1280122,1235072
Ohio,Darke,52959,51113
Ohio,Defiance,39037,38087
Ohio,Delaware,174214,209177
Ohio,Erie,77079,74266
Ohio,Fairfield,146156,157574
Ohio,Fayette,29030,28525
Ohio,Franklin,1163414,1316756
Ohio,Fulton,42698,42126
Ohio,Gallia,30934,29898
Ohio,Geauga,93389,93649
Ohio,Greene,161573,168937
Ohio,Guernsey,40087,38875
Ohio,Hamilton,802374,817473
Ohio,Hancock,74782,75783
Ohio,Hardin,32058,31365
Ohio,Harrison,15864,15040
Ohio,Henry,28215,27006
Ohio,Highland,43589,43161
Ohio,Hocking,29380,28264
Ohio,Holmes,42366,43960
Ohio,Huron,59626,58266
Ohio,Jackson,33225,32413
Ohio,Jefferson,69709,65325
Ohio,Knox,60921,62322
Ohio,Lake,230041,230149
Ohio,Lawrence,62450,59463
Ohio,Licking,166492,176862
Ohio,Logan,45858,45672
Ohio,Lorain,301356,309833
Ohio,Lucas,441815,428348
Ohio,Madison,43435,44731
Ohio,Mahoning,238823,228683
Ohio,Marion,66501,65093
Ohio,Medina,172332,179746
Ohio,Meigs,23770,22907
Ohio,Mercer,40814,41172
Ohio,Miami,102506,106987
Ohio,Monroe,14642,13654
Ohio,Montgomery,535153,531687
Ohio,Morgan,15054,14508
Ohio,Morrow,34827,35328
Ohio,Muskingum,86074,86215
Ohio,Noble,14645,14424
Ohio,Ottawa,41428,40525
Ohio,Paulding,19614,18672
Ohio,Perry,36058,36134
Ohio,Pickaway,55698,58457
Ohio,Pike,28709,27772
Ohio,Portage,161419,162466
Ohio,Preble,42270,40882
Ohio,Putnam,34499,33861
Ohio,Richland,124475,121154
Ohio,Ross,78064,76666
Ohio,Sandusky,60944,58518
Ohio,Scioto,79499,75314
Ohio,Seneca,56745,55178
Ohio,Shelby,49423,48590
Ohio,Stark,375586,370606
Ohio,Summit,541781,541013
Ohio,Trumbull,210312,197974
Ohio,Tuscarawas,92582,91987
Ohio,Union,52300,58988
Ohio,Van Wert,28744,28275
Ohio,Vinton,13435,13085
Ohio,Warren,212693,234602
Ohio,Washington,61778,59911
Ohio,Wayne,114520,115710
Ohio,Williams,37642,36692
Ohio,Wood,125488,130817
Ohio,Wyandot,22615,21772
Oklahoma,Oklahoma,3751351,3956971
Oklahoma,Adair,22683,22194
Oklahoma,Alfalfa,5642,5702
Oklahoma,Atoka,14182,13758
Oklahoma,Beaver,5636,5311
Oklahoma,Beckham,22119,21859
Oklahoma,Blaine,11943,9429
Oklahoma,Bryan,42416,47995
Oklahoma,Caddo,29600,28762
Oklahoma,Canadian,115541,148306
Oklahoma,Carter,47557,48111
Oklahoma,Cherokee,46987,48657
Oklahoma,Choctaw,15205,14672
Oklahoma,Cimarron,2475,2137
Oklahoma,Cleveland,255755,284014
Oklahoma,Coal,5925,5495
Oklahoma,Comanche,124098,120749
Oklahoma,Cotton,6193,5666
Oklahoma,Craig,15029,14142
Oklahoma,Creek,69967,71522
Oklahoma,Custer,27469,29003
Oklahoma,Delaware,41487,43009
Oklahoma,Dewey,4810,4891
Oklahoma,Ellis,4151,3859
Oklahoma,Garfield,60580,61056
Oklahoma,Garvin,27576,27711
Oklahoma,Grady,52431,55834
Oklahoma,Grant,4527,4333
Oklahoma,Greer,6239,5712
Oklahoma,Harmon,2922,2653
Oklahoma,Harper,3685,3688
Oklahoma,Haskell,12769,12627
Oklahoma,Hughes,14003,13279
Oklahoma,Jackson,26446,24530
Oklahoma,Jefferson,6472,6002
Oklahoma,Johnston,10957,11085
Oklahoma,Kay,46562,43538
Oklahoma,Kingfisher,15034,15765
Oklahoma,Kiowa,9446,8708
Oklahoma,Latimer,11154,10073
Oklahoma,Le Flore,50384,49853
Oklahoma,Lincoln,34273,34877
Oklahoma,Logan,41848,48011
Oklahoma,Love,9423,10253
Oklahoma,McClain,34506,40474
Oklahoma,McCurtain,33151,32832
Oklahoma,McIntosh,20252,19596
Oklahoma,Major,7527,7629
Oklahoma,Marshall,15840,16931
Oklahoma,Mayes,41259,41100
Oklahoma,Murray,13488,14073
Oklahoma,Muskogee,70990,67997
Oklahoma,Noble,11561,11131
Oklahoma,Nowata,10536,10076
Oklahoma,Okfuskee,12191,11993
Oklahoma,Oklahoma,718633,797434
Oklahoma,Okmulgee,40069,38465
Oklahoma,Osage,47472,46963
Oklahoma,Ottawa,31848,31127
Oklahoma,Pawnee,16577,16376
Oklahoma,Payne,77350,81784
Oklahoma,Pittsburg,45837,43654
Oklahoma,Pontotoc,37492,38284
Oklahoma,Pottawatomie,69442,72592
Oklahoma,Pushmataha,11572,11096
Oklahoma,Roger Mills,3647,3583
Oklahoma,Rogers,86905,92459
Oklahoma,Seminole,25482,24258
Oklahoma,Sequoyah,42391,41569
Oklahoma,Stephens,45048,43143
Oklahoma,Texas,20640,19983
Oklahoma,Tillman,7992,7250
Oklahoma,Tulsa,603403,651552
Oklahoma,Wagoner,73085,81289
Oklahoma,Washington,50976,51527
Oklahoma,Washita,11629,10916
Oklahoma,Woods,8878,8793
Oklahoma,Woodward,20081,20211
Oregon,Oregon,3831074,4217737
Oregon,Baker,16134,16124
Oregon,Benton,85579,93053
Oregon,Clackamas,375992,418187
Oregon,Clatsop,37039,40224
Oregon,Columbia,49351,52354
Oregon,Coos,63043,64487
Oregon,Crook,20978,24404
Oregon,Curry,22364,22925
Oregon,Deschutes,157733,197692
Oregon,Douglas,107667,110980
Oregon,Gilliam,1871,1912
Oregon,Grant,7445,7199
Oregon,Harney,7422,7393
Oregon,Hood River,22346,23382
Oregon,Jackson,203206,220944
Oregon,Jefferson,21720,24658
Oregon,Josephine,82713,87487
Oregon,Klamath,66380,68238
Oregon,Lake,7895,7869
Oregon,Lane,351715,382067
Oregon,Lincoln,46034,49962
Oregon,Linn,116672,129749
Oregon,Malheur,31313,30571
Oregon,Marion,315335,347818
Oregon,Morrow,11173,11603
Oregon,Multnomah,735334,812855
Oregon,Polk,75403,86085
Oregon,Sherman,1765,1780
Oregon,Tillamook,25250,27036
Oregon,Umatilla,75889,77950
Oregon,Union,25748,26835
Oregon,Wallowa,7008,7208
Oregon,Wasco,25213,26682
Oregon,Washington,529710,601592
Oregon,Wheeler,1441,1332
Oregon,Yamhill,99193,107100
Pennsylvania,Pennsylvania,12702379,12801989
Pennsylvania,Adams,101407,103009
Pennsylvania,Allegheny,1223348,1216045
Pennsylvania,Armstrong,68941,64735
Pennsylvania,Beaver,170539,163929
Pennsylvania,Bedford,49762,47888
Pennsylvania,Berks,411442,421164
Pennsylvania,Blair,127089,121829
Pennsylvania,Bradford,62622,60323
Pennsylvania,Bucks,625249,628270
Pennsylvania,Butler,183862,187853
Pennsylvania,Cambria,143679,130192
Pennsylvania,Cameron,5085,4447
Pennsylvania,Carbon,65249,64182
Pennsylvania,Centre,153990,162385
Pennsylvania,Chester,498886,524989
Pennsylvania,Clarion,39988,38438
Pennsylvania,Clearfield,81642,79255
Pennsylvania,Clinton,39238,38632
Pennsylvania,Columbia,67295,64964
Pennsylvania,Crawford,88765,84629
Pennsylvania,Cumberland,235406,253370
Pennsylvania,Dauphin,268100,278299
Pennsylvania,Delaware,558979,566747
Pennsylvania,Elk,31946,29910
Pennsylvania,Erie,280566,269728
Pennsylvania,Fayette,136606,129274
Pennsylvania,Forest,7716,7247
Pennsylvania,Franklin,149618,155027
Pennsylvania,Fulton,14845,14530
Pennsylvania,Greene,38686,36233
Pennsylvania,Huntingdon,45913,45144
Pennsylvania,Indiana,88880,84073
Pennsylvania,Jefferson,45200,43425
Pennsylvania,Juniata,24636,24763
Pennsylvania,Lackawanna,214437,209674
Pennsylvania,Lancaster,519445,545724
Pennsylvania,Lawrence,91108,85512
Pennsylvania,Lebanon,133568,141793
Pennsylvania,Lehigh,349497,369318
Pennsylvania,Luzerne,320918,317417
Pennsylvania,Lycoming,116111,113299
Pennsylvania,McKean,43450,40625
Pennsylvania,Mercer,116638,109424
Pennsylvania,Mifflin,46682,46138
Pennsylvania,Monroe,169842,170271
Pennsylvania,Montgomery,799874,830915
Pennsylvania,Montour,18267,18230
Pennsylvania,Northampton,297735,305285
Pennsylvania,Northumberland,94528,90843
Pennsylvania,Perry,45969,46272
Pennsylvania,Philadelphia,1526006,1584064
Pennsylvania,Pike,57369,55809
Pennsylvania,Potter,17457,16526
Pennsylvania,Schuylkill,148289,141359
Pennsylvania,Snyder,39702,40372
Pennsylvania,Somerset,77742,73447
Pennsylvania,Sullivan,6428,6066
Pennsylvania,Susquehanna,43356,40328
Pennsylvania,Tioga,41981,40591
Pennsylvania,Union,44947,44923
Pennsylvania,Venango,54984,50668
Pennsylvania,Warren,41815,39191
Pennsylvania,Washington,207820,206865
Pennsylvania,Wayne,52822,51361
Pennsylvania,Westmoreland,365169,348899
Pennsylvania,Wyoming,28276,26794
Pennsylvania,York,434972,449058
Rhode Island,Rhode Island,1052567,1059361
Rhode Island,Bristol,49875,48479
Rhode Island,Kent,166158,164292
Rhode Island,Newport,82888,82082
Rhode Island,Providence,626667,638931
Rhode Island,Washington,126979,125577
South Carolina,South Carolina,4625364,5148714
South Carolina,Abbeville,25417,24527
South Carolina,Aiken,160099,170872
South Carolina,Allendale,10419,8688
South Carolina,Anderson,187126,202558
South Carolina,Bamberg,15987,14066
South Carolina,Barnwell,22621,20866
South Carolina,Beaufort,162233,192122
South Carolina,Berkeley,177843,227907
South Carolina,Calhoun,15175,14553
South Carolina,Charleston,350209,411406
South Carolina,Cherokee,55342,57300
South Carolina,Chester,33140,32244
South Carolina,Chesterfield,46734,45650
South Carolina,Clarendon,34971,33745
South Carolina,Colleton,38892,37677
South Carolina,Darlington,68681,66618
South Carolina,Dillon,32062,30479
South Carolina,Dorchester,136555,162809
South Carolina,Edgefield,26985,27260
South Carolina,Fairfield,23956,22347
South Carolina,Florence,136885,138293
South Carolina,Georgetown,60158,62680
South Carolina,Greenville,451225,523542
South Carolina,Greenwood,69661,70811
South Carolina,Hampton,21090,19222
South Carolina,Horry,269291,354081
South Carolina,Jasper,24777,30073
South Carolina,Kershaw,61697,66551
South Carolina,Lancaster,76652,98012
South Carolina,Laurens,66537,67493
South Carolina,Lee,19220,16828
South Carolina,Lexington,262391,298750
South Carolina,McCormick,10233,9463
South Carolina,Marion,33062,30657
South Carolina,Marlboro,28933,26118
South Carolina,Newberry,37508,38440
South Carolina,Oconee,74273,79546
South Carolina,Orangeburg,92501,86175
South Carolina,Pickens,119224,126884
South Carolina,Richland,384504,415759
South Carolina,Saluda,19875,20473
South Carolina,Spartanburg,284307,319785
South Carolina,Sumter,107456,106721
South Carolina,Union,28961,27316
South Carolina,Williamsburg,34423,30368
South Carolina,York,226073,280979
South Dakota,South Dakota,814180,884659
South Dakota,Aurora,2710,2751
South Dakota,Beadle,17398,18453
South Dakota,Bennett,3431,3365
South Dakota,Bon Homme,7070,6901
South Dakota,Brookings,31965,35077
South Dakota,Brown,36531,38839
South Dakota,Brule,5255,5297
South Dakota,Buffalo,1912,1962
South Dakota,Butte,10110,10429
South Dakota,Campbell,1466,1376
South Dakota,Charles Mix,9129,9292
South Dakota,Clark,3691,3736
South Dakota,Clay,13864,14070
South Dakota,Codington,27227,28009
South Dakota,Corson,4050,4086
South Dakota,Custer,8216,8972
South Dakota,Davison,19504,19775
South Dakota,Day,5710,5424
South Dakota,Deuel,4364,4351
South Dakota,Dewey,5301,5892
South Dakota,Douglas,3002,2921
South Dakota,Edmunds,4071,3829
South Dakota,Fall River,7094,6713
South Dakota,Faulk,2364,2299
South Dakota,Grant,7356,7052
South Dakota,Gregory,4271,4185
South Dakota,Haakon,1937,1899
South Dakota,Hamlin,5903,6164
South Dakota,Hand,3431,3191
South Dakota,Hanson,3331,3453
South Dakota,Harding,1255,1298
South Dakota,Hughes,17022,17526
South Dakota,Hutchinson,7343,7291
South Dakota,Hyde,1420,1301
South Dakota,Jackson,3031,3344
South Dakota,Jerauld,2071,2013
South Dakota,Jones,1006,903
South Dakota,Kingsbury,5148,4939
South Dakota,Lake,11200,12797
South Dakota,Lawrence,24097,25844
South Dakota,Lincoln,44828,61128
South Dakota,Lyman,3755,3781
South Dakota,McCook,5618,5586
South Dakota,McPherson,2459,2379
South Dakota,Marshall,4656,4935
South Dakota,Meade,25434,28332
South Dakota,Mellette,2048,2061
South Dakota,Miner,2389,2216
South Dakota,Minnehaha,169468,193134
South Dakota,Moody,6486,6576
South Dakota,Oglala Lakota,13586,14177
South Dakota,Pennington,100948,113775
South Dakota,Perkins,2982,2865
South Dakota,Potter,2329,2153
South Dakota,Roberts,10149,10394
South Dakota,Sanborn,2355,2344
South Dakota,Spink,6415,6376
South Dakota,Stanley,2966,3098
South Dakota,Sully,1373,1391
South Dakota,Todd,9612,10177
South Dakota,Tripp,5644,5441
South Dakota,Turner,8347,8384
South Dakota,Union,14399,15932
South Dakota,Walworth,5438,5435
South Dakota,Yankton,22438,22814
South Dakota,Ziebach,2801,2756
Tennessee,Tennessee,6346105,6829174
Tennessee,Anderson,75129,76978
Tennessee,Bedford,45058,49713
Tennessee,Benton,16489,16160
Tennessee,Bledsoe,12876,15064
Tennessee,Blount,123010,133088
Tennessee,Bradley,98963,108110
Tennessee,Campbell,40716,39842
Tennessee,Cannon,13801,14678
Tennessee,Carroll,28522,27767
Tennessee,Carter,57424,56391
Tennessee,Cheatham,39105,40667
Tennessee,Chester,17131,17297
Tennessee,Claiborne,32213,31959
Tennessee,Clay,7861,7615
Tennessee,Cocke,35662,36004
Tennessee,Coffee,52796,56520
Tennessee,Crockett,14586,14230
Tennessee,Cumberland,56053,60520
Tennessee,Davidson,626681,694144
Tennessee,Decatur,11757,11663
Tennessee,DeKalb,18723,20490
Tennessee,Dickson,49666,53948
Tennessee,Dyer,38335,37159
Tennessee,Fayette,38413,41133
Tennessee,Fentress,17959,18523
Tennessee,Franklin,41052,42208
Tennessee,Gibson,49683,49133
Tennessee,Giles,29485,29464
Tennessee,Grainger,22657,23320
Tennessee,Greene,68831,69069
Tennessee,Grundy,13703,13427
Tennessee,Hamblen,62544,64934
Tennessee,Hamilton,336463,367804
Tennessee,Hancock,6819,6620
Tennessee,Hardeman,27253,25050
Tennessee,Hardin,26026,25652
Tennessee,Hawkins,56833,56786
Tennessee,Haywood,18787,17304
Tennessee,Henderson,27769,28117
Tennessee,Henry,32330,32345
Tennessee,Hickman,24690,25178
Tennessee,Houston,8426,8201
Tennessee,Humphreys,18538,18582
Tennessee,Jackson,11638,11786
Tennessee,Jefferson,51407,54495
Tennessee,Johnson,18244,17788
Tennessee,Knox,432226,470313
Tennessee,Lake,7832,7016
Tennessee,Lauderdale,27815,25633
Tennessee,Lawrence,41869,44142
Tennessee,Lewis,12161,12268
Tennessee,Lincoln,33361,34366
Tennessee,Loudon,48556,54068
Tennessee,McMinn,52266,53794
Tennessee,McNairy,26075,25694
Tennessee,Macon,22248,24602
Tennessee,Madison,98294,97984
Tennessee,Marion,28237,28907
Tennessee,Marshall,30617,34375
Tennessee,Maury,80956,96387
Tennessee,Meigs,11753,12422
Tennessee,Monroe,44519,46545
Tennessee,Montgomery,172331,208993
Tennessee,Moore,6362,6488
Tennessee,Morgan,21987,21403
Tennessee,Obion,31807,30069
Tennessee,Overton,22083,22241
Tennessee,Perry,7915,8076
Tennessee,Pickett,5077,5048
Tennessee,Polk,16825,16832
Tennessee,Putnam,72321,80245
Tennessee,Rhea,31809,33167
Tennessee,Roane,54181,53382
Tennessee,Robertson,66283,71813
Tennessee,Rutherford,262604,332285
Tennessee,Scott,22228,22068
Tennessee,Sequatchie,14112,15026
Tennessee,Sevier,89889,98250
Tennessee,Shelby,927644,937166
Tennessee,Smith,19166,20157
Tennessee,Stewart,13324,13715
Tennessee,Sullivan,156823,158348
Tennessee,Sumner,160645,191283
Tennessee,Tipton,61081,61599
Tennessee,Trousdale,7870,11284
Tennessee,Unicoi,18313,17883
Tennessee,Union,19109,19972
Tennessee,Van Buren,5548,5872
Tennessee,Warren,39839,41277
Tennessee,Washington,122979,129375
Tennessee,Wayne,17021,16673
Tennessee,Weakley,35021,33328
Tennessee,White,25841,27345
Tennessee,Williamson,183182,238412
Tennessee,Wilson,113993,144657
Texas,Texas,25145561,28995881
Texas,Anderson,58458,57735
Texas,Andrews,14786,18705
Texas,Angelina,86771,86715
Texas,Aransas,23158,23510
Texas,Archer,9054,8553
Texas,Armstrong,1901,1887
Texas,Atascosa,44911,51153
Texas,Austin,28417,30032
Texas,Bailey,7165,7000
Texas,Bandera,20485,23112
Texas,Bastrop,74171,88723
Texas,Baylor,3726,3509
Texas,Bee,31861,32565
Texas,Bell,310235,362924
Texas,Bexar,1714773,2003554
Texas,Blanco,10497,11931
Texas,Borden,641,654
Texas,Bosque,18212,18685
Texas,Bowie,92565,93245
Texas,Brazoria,313166,374264
Texas,Brazos,194851,229211
Texas,Brewster,9232,9203
Texas,Briscoe,1637,1546
Texas,Brooks,7223,7093
Texas,Brown,38106,37864
Texas,Burleson,17187,18443
Texas,Burnet,42750,48155
Texas,Caldwell,38066,43664
Texas,Calhoun,21381,21290
Texas,Callahan,13544,13943
Texas,Cameron,406220,423163
Texas,Camp,12401,13094
Texas,Carson,6182,5926
Texas,Cass,30464,30026
Texas,Castro,8062,7530
Texas,Chambers,35096,43837
Texas,Cherokee,50845,52646
Texas,Childress,7041,7306
Texas,Clay,10752,10471
Texas,Cochran,3127,2853
Texas,Coke,3320,3387
Texas,Coleman,8895,8175
Texas,Collin,782341,1034730
Texas,Collingsworth,3057,2920
Texas,Colorado,20874,21493
Texas,Comal,108472,156209
Texas,Comanche,13974,13635
Texas,Concho,4087,2726
Texas,Cooke,38437,41257
Texas,Coryell,75388,75951
Texas,Cottle,1505,1398
Texas,Crane,4375,4797
Texas,Crockett,3719,3464
Texas,Crosby,6059,5737
Texas,Culberson,2398,2171
Texas,Dallam,6703,7287
Texas,Dallas,2368139,2635516
Texas,Dawson,13833,12728
Texas,Deaf Smith,19372,18546
Texas,Delta,5231,5331
Texas,Denton,662614,887207
Texas,DeWitt,20097,20160
Texas,Dickens,2444,2211
Texas,Dimmit,9996,10124
Texas,Donley,3677,3278
Texas,Duval,11782,11157
Texas,Eastland,18583,18360
Texas,Ector,137130,166223
Texas,Edwards,2002,1932
Texas,Ellis,149610,184826
Texas,El Paso,800647,839238
Texas,Erath,37890,42698
Texas,Falls,17866,17297
Texas,Fannin,33915,35514
Texas,Fayette,24554,25346
Texas,Fisher,3974,3830
Texas,Floyd,6446,5712
Texas,Foard,1336,1155
Texas,Fort Bend,585375,811688
Texas,Franklin,10605,10725
Texas,Freestone,19816,19717
Texas,Frio,17217,20306
Texas,Gaines,17526,21492
Texas,Galveston,291309,342139
Texas,Garza,6461,6229
Texas,Gillespie,24837,26988
Texas,Glasscock,1226,1409
Texas,Goliad,7210,7658
Texas,Gonzales,19807,20837
Texas,Gray,22535,21886
Texas,Grayson,120877,136212
Texas,Gregg,121730,123945
Texas,Grimes,26604,28880
Texas,Guadalupe,131533,166847
Texas,Hale,36273,33406
Texas,Hall,3353,2964
Texas,Hamilton,8517,8461
Texas,Hansford,5613,5399
Texas,Hardeman,4139,3933
Texas,Hardin,54635,57602
Texas,Harris,4092459,4713325
Texas,Harrison,65631,66553
Texas,Hartley,6062,5576
Texas,Haskell,5899,5658
Texas,Hays,157107,230191
Texas,Hemphill,3807,3819
Texas,Henderson,78532,82737
Texas,Hidalgo,774769,868707
Texas,Hill,35089,36649
Texas,Hockley,22935,23021
Texas,Hood,51182,61643
Texas,Hopkins,35161,37084
Texas,Houston,23732,22968
Texas,Howard,35012,36664
Texas,Hudspeth,3476,4886
Texas,Hunt,86129,98594
Texas,Hutchinson,22150,20938
Texas,Irion,1599,1536
Texas,Jack,9044,8935
Texas,Jackson,14075,14760
Texas,Jasper,35710,35529
Texas,Jeff Davis,2342,2274
Texas,Jefferson,252273,251565
Texas,Jim Hogg,5300,5200
Texas,Jim Wells,40838,40482
Texas,Johnson,150934,175817
Texas,Jones,20202,20083
Texas,Karnes,14824,15601
Texas,Kaufman,103350,136154
Texas,Kendall,33410,47431
Texas,Kenedy,416,404
Texas,Kent,808,762
Texas,Kerr,49625,52600
Texas,Kimble,4607,4337
Texas,King,286,272
Texas,Kinney,3598,3667
Texas,Kleberg,32061,30680
Texas,Knox,3719,3664
Texas,Lamar,49793,49859
Texas,Lamb,13977,12893
Texas,Lampasas,19677,21428
Texas,La Salle,6886,7520
Texas,Lavaca,19263,20154
Texas,Lee,16612,17239
Texas,Leon,16801,17404
Texas,Liberty,75643,88219
Texas,Limestone,23384,23437
Texas,Lipscomb,3302,3233
Texas,Live Oak,11531,12207
Texas,Llano,19301,21795
Texas,Loving,82,169
Texas,Lubbock,278831,310569
Texas,Lynn,5915,5951
Texas,McCulloch,8283,7984
Texas,McLennan,234906,256623
Texas,McMullen,707,743
Texas,Madison,13664,14284
Texas,Marion,10546,9854
Texas,Martin,4799,5771
Texas,Mason,4012,4274
Texas,Matagorda,36702,36643
Texas,Maverick,54258,58722
Texas,Medina,46006,51584
Texas,Menard,2242,2138
Texas,Midland,136872,176832
Texas,Milam,24757,24823
Texas,Mills,4936,4873
Texas,Mitchell,9403,8545
Texas,Montague,19719,19818
Texas,Montgomery,455746,607391
Texas,Moore,21904,20940
Texas,Morris,12934,12388
Texas,Motley,1210,1200
Texas,Nacogdoches,64524,65204
Texas,Navarro,47735,50113
Texas,Newton,14445,13595
Texas,Nolan,15216,14714
Texas,Nueces,340223,362294
Texas,Ochiltree,10223,9836
Texas,Oldham,2052,2112
Texas,Orange,81837,83396
Texas,Palo Pinto,28111,29189
Texas,Panola,23796,23194
Texas,Parker,116927,142878
Texas,Parmer,10269,9605
Texas,Pecos,15507,15823
Texas,Polk,45413,51353
Texas,Potter,121073,117415
Texas,Presidio,7818,6704
Texas,Rains,10914,12514
Texas,Randall,120725,137713
Texas,Reagan,3367,3849
Texas,Real,3309,3452
Texas,Red River,12860,12023
Texas,Reeves,13783,15976
Texas,Refugio,7383,6948
Texas,Roberts,929,854
Texas,Robertson,16622,17074
Texas,Rockwall,78337,104915
Texas,Runnels,10501,10264
Texas,Rusk,53330,54406
Texas,Sabine,10834,10542
Texas,San Augustine,8865,8237
Texas,San Jacinto,26384,28859
Texas,San Patricio,64804,66730
Texas,San Saba,6131,6055
Texas,Schleicher,3461,2793
Texas,Scurry,16921,16703
Texas,Shackelford,3378,3265
Texas,Shelby,25448,25274
Texas,Sherman,3034,3022
Texas,Smith,209714,232751
Texas,Somervell,8490,9128
Texas,Starr,60968,64633
Texas,Stephens,9630,9366
Texas,Sterling,1143,1291
Texas,Stonewall,1490,1350
Texas,Sutton,4128,3776
Texas,Swisher,7854,7397
Texas,Tarrant,1809034,2102515
Texas,Taylor,131506,138034
Texas,Terrell,984,776
Texas,Terry,12651,12337
Texas,Throckmorton,1641,1501
Texas,Titus,32334,32750
Texas,Tom Green,110224,119200
Texas,Travis,1024266,1273954
Texas,Trinity,14585,14651
Texas,Tyler,21766,21672
Texas,Upshur,39309,41753
Texas,Upton,3355,3657
Texas,Uvalde,26405,26741
Texas,Val Verde,48879,49025
Texas,Van Zandt,52579,56590
Texas,Victoria,86793,92084
Texas,Walker,67861,72971
Texas,Waller,43205,55246
Texas,Ward,10658,11998
Texas,Washington,33718,35882
Texas,Webb,250304,276652
Texas,Wharton,41280,41556
Texas,Wheeler,5410,5056
Texas,Wichita,131500,132230
Texas,Wilbarger,13535,12769
Texas,Willacy,22134,21358
Texas,Williamson,422679,590551
Texas,Wilson,42918,51070
Texas,Winkler,7110,8010
Texas,Wise,59127,69984
Texas,Wood,41964,45539
Texas,Yoakum,7879,8713
Texas,Young,18550,18010
Texas,Zapata,14018,14179
Texas,Zavala,11677,11840
Utah,Utah,2763885,3205958
Utah,Beaver,6629,6710
Utah,Box Elder,49975,56046
Utah,Cache,112656,128289
Utah,Carbon,21403,20463
Utah,Daggett,1059,950
Utah,Davis,306479,355481
Utah,Duchesne,18607,19938
Utah,Emery,10976,10012
Utah,Garfield,5172,5051
Utah,Grand,9225,9754
Utah,Iron,46163,54839
Utah,Juab,10246,12017
Utah,Kane,7125,7886
Utah,Millard,12503,13188
Utah,Morgan,9469,12124
Utah,Piute,1556,1479
Utah,Rich,2264,2483
Utah,Salt Lake,1029655,1160437
Utah,San Juan,14746,15308
Utah,Sanpete,27822,30939
Utah,Sevier,20802,21620
Utah,Summit,36324,42145
Utah,Tooele,58218,72259
Utah,Uintah,32588,35734
Utah,Utah,516564,636235
Utah,Wasatch,23530,34091
Utah,Washington,138115,177556
Utah,Wayne,2778,2711
Utah,Weber,231236,260213
Vermont,Vermont,625741,623989
Vermont,Addison,36821,36777
Vermont,Bennington,37125,35470
Vermont,Caledonia,31227,29993
Vermont,Chittenden,156545,163774
Vermont,Essex,6306,6163
Vermont,Franklin,47746,49402
Vermont,Grand Isle,6970,7235
Vermont,Lamoille,24475,25362
Vermont,Orange,28936,28892
Vermont,Orleans,27231,27037
Vermont,Rutland,61642,58191
Vermont,Washington,59534,58409
Vermont,Windham,44513,42222
Vermont,Windsor,56670,55062
Virginia,Virginia,8001024,8535519
Virginia,Accomack,33164,32316
Virginia,Albemarle,98970,109330
Virginia,Alleghany,16250,14860
Virginia,Amelia,12690,13145
Virginia,Amherst,32353,31605
Virginia,Appomattox,14973,15911
Virginia,Arlington,207627,236842
Virginia,Augusta,73750,75558
Virginia,Bath,4731,4147
Virginia,Bedford,68676,78997
Virginia,Bland,6824,6280
Virginia,Botetourt,33148,33419
Virginia,Brunswick,17434,16231
Virginia,Buchanan,24098,21004
Virginia,Buckingham,17146,17148
Virginia,Campbell,54842,54885
Virginia,Caroline,28545,30725
Virginia,Carroll,30042,29791
Virginia,Charles City,7256,6963
Virginia,Charlotte,12586,11880
Virginia,Chesterfield,316236,352802
Virginia,Clarke,14034,14619
Virginia,Craig,5190,5131
Virginia,Culpeper,46689,52605
Virginia,Cumberland,10052,9932
Virginia,Dickenson,15903,14318
Virginia,Dinwiddie,28001,28544
Virginia,Essex,11151,10953
Virginia,Fairfax,1081726,1147532
Virginia,Fauquier,65203,71222
Virginia,Floyd,15279,15749
Virginia,Fluvanna,25691,27270
Virginia,Franklin,56159,56042
Virginia,Frederick,78305,89313
Virginia,Giles,17286,16720
Virginia,Gloucester,36858,37348
Virginia,Goochland,21717,23753
Virginia,Grayson,15533,15550
Virginia,Greene,18403,19819
Virginia,Greensville,12243,11336
Virginia,Halifax,36241,33911
Virginia,Hanover,99863,107766
Virginia,Henrico,306935,330818
Virginia,Henry,54151,50557
Virginia,Highland,2321,2190
Virginia,Isle of Wight,35270,37109
Virginia,James City,67009,76523
Virginia,King and Queen,6945,7025
Virginia,King George,23584,26836
Virginia,King William,15935,17148
Virginia,Lancaster,11391,10603
Virginia,Lee,25587,23423
Virginia,Loudoun,312311,413538
Virginia,Louisa,33153,37591
Virginia,Lunenburg,12914,12196
Virginia,Madison,13308,13261
Virginia,Mathews,8978,8834
Virginia,Mecklenburg,32727,30587
Virginia,Middlesex,10959,10582
Virginia,Montgomery,94392,98535
Virginia,Nelson,15020,14930
Virginia,New Kent,18429,23091
Virginia,Northampton,12389,11710
Virginia,Northumberland,12330,12095
Virginia,Nottoway,15853,15232
Virginia,Orange,33481,37051
Virginia,Page,24042,23902
Virginia,Patrick,18490,17608
Virginia,Pittsylvania,63506,60354
Virginia,Powhatan,28046,29652
Virginia,Prince Edward,23368,22802
Virginia,Prince George,35725,38353
Virginia,Prince William,402002,470335
Virginia,Pulaski,34872,34027
Virginia,Rappahannock,7373,7370
Virginia,Richmond,9254,9023
Virginia,Roanoke,92376,94186
Virginia,Rockbridge,22307,22573
Virginia,Rockingham,76314,81948
Virginia,Russell,28897,26586
Virginia,Scott,23177,21566
Virginia,Shenandoah,41993,43616
Virginia,Smyth,32208,30104
Virginia,Southampton,18570,17631
Virginia,Spotsylvania,122397,136215
Virginia,Stafford,128961,152882
Virginia,Surry,7058,6422
Virginia,Sussex,12087,11159
Virginia,Tazewell,45078,40595
Virginia,Warren,37575,40164
Virginia,Washington,54876,53740
Virginia,Westmoreland,17454,18015
Virginia,Wise,41452,37383
Virginia,Wythe,29235,28684
Virginia,York,65464,68280
Virginia,Alexandria city,139966,159428
Virginia,Bristol city,17835,16762
Virginia,Buena Vista city,6650,6478
Virginia,Charlottesville city,43475,47266
Virginia,Chesapeake city,222209,244835
Virginia,Colonial Heights city,17411,17370
Virginia,Covington city,5961,5538
Virginia,Danville city,43055,40044
Virginia,Emporia city,5927,5346
Virginia,Fairfax city,22565,24019
Virginia,Falls Church city,12332,14617
Virginia,Franklin city,8582,7967
Virginia,Fredericksburg city,24286,29036
Virginia,Galax city,7042,6347
Virginia,Hampton city,137436,134510
Virginia,Harrisonburg city,48914,53016
Virginia,Hopewell city,22591,22529
Virginia,Lexington city,7042,7446
Virginia,Lynchburg city,75568,82168
Virginia,Manassas city,37821,41085
Virginia,Manassas Park city,14273,17478
Virginia,Martinsville city,13821,12554
Virginia,Newport News city,180719,179225
Virginia,Norfolk city,242803,242742
Virginia,Norton city,3958,3981
Virginia,Petersburg city,32420,31346
Virginia,Poquoson city,12150,12271
Virginia,Portsmouth city,95535,94398
Virginia,Radford city,16408,18249
Virginia,Richmond city,204214,230436
Virginia,Roanoke city,97032,99143
Virginia,Salem city,24802,25301
Virginia,Staunton city,23746,24932
Virginia,Suffolk city,84585,92108
Virginia,Virginia Beach city,437994,449974
Virginia,Waynesboro city,21006,22630
Virginia,Williamsburg city,14068,14954
Virginia,Winchester city,26203,28078
Washington,Washington,6724540,7614893
Washington,Adams,18728,19983
Washington,Asotin,21623,22582
Washington,Benton,175177,204390
Washington,Chelan,72453,77200
Washington,Clallam,71404,77331
Washington,Clark,425363,488241
Washington,Columbia,4078,3985
Washington,Cowlitz,102410,110593
Washington,Douglas,38431,43429
Washington,Ferry,7551,7627
Washington,Franklin,78163,95222
Washington,Garfield,2266,2225
Washington,Grant,89120,97733
Washington,Grays Harbor,72797,75061
Washington,Island,78506,85141
Washington,Jefferson,29872,32221
Washington,King,1931249,2252782
Washington,Kitsap,251133,271473
Washington,Kittitas,40915,47935
Washington,Klickitat,20318,22425
Washington,Lewis,75455,80707
Washington,Lincoln,10570,10939
Washington,Mason,60699,66768
Washington,Okanogan,41120,42243
Washington,Pacific,20920,22471
Washington,Pend Oreille,13001,13724
Washington,Pierce,795225,904980
Washington,San Juan,15769,17582
Washington,Skagit,116901,129205
Washington,Skamania,11066,12083
Washington,Snohomish,713335,822083
Washington,Spokane,471221,522798
Washington,Stevens,43531,45723
Washington,Thurston,252264,290536
Washington,Wahkiakum,3978,4488
Washington,Walla Walla,58781,60760
Washington,Whatcom,201140,229247
Washington,Whitman,44776,50104
Washington,Yakima,243231,250873
West Virginia,West Virginia,1852994,1792147
West Virginia,Barbour,16589,16441
West Virginia,Berkeley,104169,119171
West Virginia,Boone,24629,21457
West Virginia,Braxton,14523,13957
West Virginia,Brooke,24069,21939
West Virginia,Cabell,96319,91945
West Virginia,Calhoun,7627,7109
West Virginia,Clay,9386,8508
West Virginia,Doddridge,8202,8448
West Virginia,Fayette,46039,42406
West Virginia,Gilmer,8693,7823
West Virginia,Grant,11937,11568
West Virginia,Greenbrier,35480,34662
West Virginia,Hampshire,23964,23175
West Virginia,Hancock,30676,28810
West Virginia,Hardy,14025,13776
West Virginia,Harrison,69099,67256
West Virginia,Jackson,29211,28576
West Virginia,Jefferson,53498,57146
West Virginia,Kanawha,193063,178124
West Virginia,Lewis,16372,15907
West Virginia,Lincoln,21720,20409
West Virginia,Logan,36743,32019
West Virginia,McDowell,22113,17624
West Virginia,Marion,56418,56072
West Virginia,Marshall,33107,30531
West Virginia,Mason,27324,26516
West Virginia,Mercer,62264,58758
West Virginia,Mineral,28212,26868
West Virginia,Mingo,26839,23424
West Virginia,Monongalia,96189,105612
West Virginia,Monroe,13502,13275
West Virginia,Morgan,17541,17884
West Virginia,Nicholas,26233,24496
West Virginia,Ohio,44443,41411
West Virginia,Pendleton,7695,6969
West Virginia,Pleasants,7605,7460
West Virginia,Pocahontas,8719,8247
West Virginia,Preston,33520,33432
West Virginia,Putnam,55486,56450
West Virginia,Raleigh,78859,73361
West Virginia,Randolph,29405,28695
West Virginia,Ritchie,10449,9554
West Virginia,Roane,14926,13688
West Virginia,Summers,13927,12573
West Virginia,Taylor,16895,16695
West Virginia,Tucker,7141,6839
West Virginia,Tyler,9208,8591
West Virginia,Upshur,24254,24176
West Virginia,Wayne,42481,39402
West Virginia,Webster,9154,8114
West Virginia,Wetzel,16583,15065
West Virginia,Wirt,5717,5821
West Virginia,Wood,86956,83518
West Virginia,Wyoming,23796,20394
Wisconsin,Wisconsin,5686986,5822434
Wisconsin,Adams,20875,20220
Wisconsin,Ashland,16157,15562
Wisconsin,Barron,45870,45244
Wisconsin,Bayfield,15014,15036
Wisconsin,Brown,248007,264542
Wisconsin,Buffalo,13587,13031
Wisconsin,Burnett,15457,15414
Wisconsin,Calumet,48971,50089
Wisconsin,Chippewa,62415,64658
Wisconsin,Clark,34690,34774
Wisconsin,Columbia,56833,57532
Wisconsin,Crawford,16644,16131
Wisconsin,Dane,488073,546695
Wisconsin,Dodge,88759,87839
Wisconsin,Door,27785,27668
Wisconsin,Douglas,44159,43150
Wisconsin,Dunn,43857,45368
Wisconsin,Eau Claire,98736,104646
Wisconsin,Florence,4423,4295
Wisconsin,Fond du Lac,101633,103403
Wisconsin,Forest,9304,9004
Wisconsin,Grant,51208,51439
Wisconsin,Green,36842,36960
Wisconsin,Green Lake,19051,18913
Wisconsin,Iowa,23687,23678
Wisconsin,Iron,5916,5687
Wisconsin,Jackson,20449,20643
Wisconsin,Jefferson,83686,84769
Wisconsin,Juneau,26664,26687
Wisconsin,Kenosha,166426,169561
Wisconsin,Kewaunee,20574,20434
Wisconsin,La Crosse,114638,118016
Wisconsin,Lafayette,16836,16665
Wisconsin,Langlade,19977,19189
Wisconsin,Lincoln,28743,27593
Wisconsin,Manitowoc,81442,78981
Wisconsin,Marathon,134063,135692
Wisconsin,Marinette,41749,40350
Wisconsin,Marquette,15404,15574
Wisconsin,Menominee,4232,4556
Wisconsin,Milwaukee,947735,945726
Wisconsin,Monroe,44673,46253
Wisconsin,Oconto,37660,37930
Wisconsin,Oneida,35998,35595
Wisconsin,Outagamie,176695,187885
Wisconsin,Ozaukee,86395,89221
Wisconsin,Pepin,7469,7287
Wisconsin,Pierce,41019,42754
Wisconsin,Polk,44205,43783
Wisconsin,Portage,70019,70772
Wisconsin,Price,14159,13351
Wisconsin,Racine,195408,196311
Wisconsin,Richland,18021,17252
Wisconsin,Rock,160331,163354
Wisconsin,Rusk,14755,14178
Wisconsin,St. Croix,84345,90687
Wisconsin,Sauk,61976,64442
Wisconsin,Sawyer,16557,16558
Wisconsin,Shawano,41949,40899
Wisconsin,Sheboygan,115507,115340
Wisconsin,Taylor,20689,20343
Wisconsin,Trempealeau,28816,29649
Wisconsin,Vernon,29773,30822
Wisconsin,Vilas,21430,22195
Wisconsin,Walworth,102228,103868
Wisconsin,Washburn,15911,15720
Wisconsin,Washington,131887,136034
Wisconsin,Waukesha,389891,404198
Wisconsin,Waupaca,52410,50990
Wisconsin,Waushara,24496,24443
Wisconsin,Winnebago,166994,171907
Wisconsin,Wood,74749,72999
Wyoming,Wyoming,563626,578759
Wyoming,Albany,36299,38880
Wyoming,Big Horn,11668,11790
Wyoming,Campbell,46133,46341
Wyoming,Carbon,15885,14800
Wyoming,Converse,13833,13822
Wyoming,Crook,7083,7584
Wyoming,Fremont,40123,39261
Wyoming,Goshen,13249,13211
Wyoming,Hot Springs,4812,4413
Wyoming,Johnson,8569,8445
Wyoming,Laramie,91738,99500
Wyoming,Lincoln,18106,19830
Wyoming,Natrona,75450,79858
Wyoming,Niobrara,2484,2356
Wyoming,Park,28205,29194
Wyoming,Platte,8667,8393
Wyoming,Sheridan,29116,30485
Wyoming,Sublette,10247,9831
Wyoming,Sweetwater,43806,42343
Wyoming,Teton,21294,23464
Wyoming,Uinta,21118,20226
Wyoming,Washakie,8533,7805
Wyoming,Weston,7208,6927
